id,Q6: What drink would you pair with this food item?,Label
716549,Coke ,Pizza
715742,Coke,Pizza
727333,cola,Pizza
606874,Soda,Pizza
505318,Soda,Pizza
605771,Soda,Pizza
606929,coke ,Pizza
609789,coke,Pizza
644623,Coca Cola,Pizza
626792,Coke,Pizza
714863,regular coke,Pizza
602805,Ice Tea,Pizza
602526,lemonade,Pizza
497421,Coke,Pizza
389328,Red Wine,Pizza
289931,Pop like Coke ,Pizza
620148,Sprite,Pizza
387155,water,Pizza
516975,Coke,Pizza
630825,Soup,Pizza
614043,Coke,Pizza
521125,Root beer,Pizza
627780,Coke,Pizza
492744,Soda,Pizza
618747,"Soft drinks. For example, 7up",Pizza
607815,Coke,Pizza
601609,Diet Coke,Pizza
602657,cola,Pizza
616449,Sparkling Water,Pizza
501893,Coke,Pizza
507448,Coke,Pizza
606556,Cola,Pizza
724326,Coca-Cola and iced tea,Pizza
616945,coca cola,Pizza
630962,Coca Cola,Pizza
715814,"All sorts of carbonated drinks(e.g. coca-cola, pepsi, mirinda series drinks, fanta series drinks etc.). Non carbonated drinks are not preferred when I am having pizzas.",Pizza
502799,Ice tea,Pizza
605278,Coke,Pizza
388888,Coke,Pizza
519548,Coke,Pizza
405521,coke,Pizza
607410,Orange Fanta,Pizza
715795,Hot chocolate,Pizza
625326,Soda,Pizza
627220,Mountain Dew,Pizza
634964,Beer,Pizza
722500,coke,Pizza
602824,Soda,Pizza
618355,coke,Pizza
611097,coke,Pizza
634328,Soda,Pizza
607160,diet coke,Pizza
728522,Diet Pepsi,Pizza
718570,coke,Pizza
714598,Coca-cola,Pizza
601950,Coke,Pizza
612478,Diet coke,Pizza
501416,Carbonated soft drink,Pizza
629710,coke,Pizza
502610,Coca cola zero,Pizza
603476,coke,Pizza
600957,Water,Pizza
713423,Coke,Pizza
722431,"Orange juice, my favourite.",Pizza
633234,Coke,Pizza
148179,Cola,Pizza
715845,Coke,Pizza
632153,Sparkling water,Pizza
606552,Coca Cola,Pizza
738409,pepsi,Pizza
612096,Sprite,Pizza
743537,Coke,Pizza
632896,Coke,Pizza
605207,Coke,Pizza
617542,Coke,Pizza
719554,Juice,Pizza
627427,Soda,Pizza
411315,coke,Pizza
631507,Soda,Pizza
627798,Coca Cola,Pizza
712093,Coca Cola,Pizza
627488,Soda,Pizza
626493,San Pellegrino Sparkling Water,Pizza
601363,A Ginger Ale,Pizza
712898,Diet Coke,Pizza
603398,Coca-Cola,Pizza
631012,Coke,Pizza
601848,Coke with lemon,Pizza
612131,Coca-cola,Pizza
408630,soda,Pizza
632091,A can of soda,Pizza
601122,Coke,Pizza
602871,Coke,Pizza
520828,Diet Coke,Pizza
514199,Nestea,Pizza
389697,Coke,Pizza
714430,orange juice,Pizza
612567,Coca cola,Pizza
744468,Coke,Pizza
502722,Soft cola or lemon drink,Pizza
519681,Diet Coke,Pizza
631125,Coke,Pizza
606119,Coke,Pizza
627252,Water,Pizza
616568,soda,Pizza
603838,Soda,Pizza
719735,Coke,Pizza
608062,Coca cola ,Pizza
608704,Coke,Pizza
520383,Coke,Pizza
603793,soda,Pizza
603933,sprite,Pizza
605519,Dr. Pepper,Pizza
524803,Soda,Pizza
629712,Coca Cola,Pizza
627505,Pepsi,Pizza
526131,I would pair sweet soft drinks like Coke or Pepsi with it. This is because of how it was usually served to me at school events.,Pizza
607065,Coke,Pizza
500077,Diet coke,Pizza
633350,Coke,Pizza
601945,Diet Coke,Pizza
629878,Water,Pizza
712766,Soft drink,Pizza
603664,coke,Pizza
840827,Coke,Pizza
604897,soda,Pizza
525422,Soda,Pizza
602560,"The only drink I ever have with pizza is coke i.e, Cola. ",Pizza
738379,"Coke, iced tea.",Pizza
622023,Coke Zero,Pizza
604770,coke,Pizza
608318,wine,Pizza
626757,Pop,Pizza
745297,Coke,Pizza
627599,Diet coke,Pizza
520037,Coke,Pizza
632189,Coca Cola,Pizza
627636,Pepsi,Pizza
295428,soft drink,Pizza
228777,Coca Cola ,Pizza
609278,Soda,Pizza
614089,Coke,Pizza
607517,Coke,Pizza
714607,Coke,Pizza
716650,I would pair some type of soda with this food item — something like a sprite or a coca-cola. ,Pizza
497695,Soda,Pizza
496858,"I love Kombucha, so maybe a mango or citrusy kombucha. Something carbonated!",Pizza
608688,Soda,Pizza
604386,soft drink,Pizza
628559,Coke,Pizza
715152,"carbonated sweet drinks, such as cocacola, pepsi, etc",Pizza
604110,Coca-Cola,Pizza
629010,Nestea,Pizza
605254,Diet Coke,Pizza
628990,Soda,Pizza
625295,Pop,Pizza
603415,Soda,Pizza
635533,Coke,Pizza
630389,Chocolate Milk,Pizza
714901,Pepsi (or any soda),Pizza
629792,pop,Pizza
629025,Soda,Pizza
524441,Ginger ale,Pizza
389109,Canada Dry Ginger Ale,Pizza
631216,coke,Pizza
738875,Milk,Pizza
634669,Sprite,Pizza
409940,diet coke,Pizza
399605,coke,Pizza
721831,Coke,Pizza
835223,coke,Pizza
712938,coke,Pizza
395712,"Pop, Coca-Cola, 7up, crush",Pizza
603388,Coke,Pizza
617774,Iced tea,Pizza
289440,coke,Pizza
714503,cola,Pizza
714893,Coke,Pizza
601094,soda,Pizza
618150,Diet coke,Pizza
607944,Milk,Pizza
629844,Orange juice,Pizza
626482,Pop,Pizza
609257,Rootbeer,Pizza
717921,Lemonade,Pizza
181851,pops,Pizza
629041,Coke,Pizza
604062,Some sort of soft drink.,Pizza
716749,water or  lemon water,Pizza
633143,Soft drinks such as Coca-Cola,Pizza
743828,Soda Pop,Pizza
520861,Soda,Pizza
517019,pop,Pizza
626779,soda,Pizza
611716,coke,Pizza
193195,Coca Cola,Pizza
627530,Coca-Cola,Pizza
626479,Any type of soda,Pizza
624540,bubble tea,Pizza
625315,Soft drink,Pizza
601941,cococola,Pizza
723968,Nestea,Pizza
715806,coke,Pizza
720045,Water,Pizza
713585,Soda,Pizza
611188,Ginger Ale,Pizza
606726,Orange Juice,Pizza
629142,I would pair pop with this food item.,Pizza
634825,Soda,Pizza
613409,Coke-Cola,Pizza
633224,Coca Cola,Pizza
738850,Coca Cola,Pizza
500470,Soda,Pizza
13183,ice tea,Pizza
627169,Coke,Pizza
229041,soda,Pizza
496344,Coke,Pizza
409723,Coke,Pizza
630949,Soda,Pizza
413014,A soda such as Coca-Cola,Pizza
310438,Coke,Pizza
627430,Coke,Pizza
526510,cola,Pizza
390823,Coke,Pizza
717116,coke or diet coke,Pizza
712143,Cola,Pizza
612538,Coca Cola,Pizza
627539,Coca Cola,Pizza
603812,Root Beer,Pizza
740568,Coke,Pizza
712702,pineapple juice ,Pizza
519638,Sprite,Pizza
627800,Soda,Pizza
406863,coke,Pizza
726962,coke,Pizza
628077,Soda ,Pizza
601693,Diet Coke,Pizza
517096,Coca Cola,Pizza
606821,Sprite,Pizza
455047,coke,Pizza
625576,Water,Pizza
716549,Hot water ,Shawarma
715742,lemon tea,Shawarma
727333,water,Shawarma
606874,Juice,Shawarma
505318,Ayran,Shawarma
605771,Water,Shawarma
606929,coke,Shawarma
609789,Coke,Shawarma
644623,None,Shawarma
626792,water,Shawarma
714863,juice,Shawarma
602805,Water,Shawarma
602526,orange juice,Shawarma
497421,Coke,Shawarma
389328,Beer,Shawarma
289931,Pop like Coke,Shawarma
620148,Water,Shawarma
387155,water,Shawarma
516975,Ginger ale,Shawarma
630825,Juice,Shawarma
614043,Ayran ,Shawarma
521125,Root beer,Shawarma
627780,Water,Shawarma
492744,Soda,Shawarma
618747,Soft drinks,Shawarma
607815,Coke,Shawarma
601609,Nestea,Shawarma
602657,milk tea,Shawarma
616449,Soda,Shawarma
501893,orange juice,Shawarma
507448,Coke,Shawarma
606556,Cola,Shawarma
724326,Water,Shawarma
616945,sprite,Shawarma
630962,Water,Shawarma
715814,I would simply pair it with water as I have never experienced much about the food item before.,Shawarma
502799,Ice tea,Shawarma
605278,Sprite,Shawarma
388888,iced tea,Shawarma
519548,Water,Shawarma
405521,mango juice,Shawarma
607410,Coca Cola Zero,Shawarma
715795,Orange juice,Shawarma
625326,Lassi,Shawarma
627220,Coca-cola,Shawarma
634964,Coke,Shawarma
722500,orange juice,Shawarma
602824,Water,Shawarma
618355,coke,Shawarma
611097,coke,Shawarma
634328,Soda,Shawarma
607160,Orange juice,Shawarma
728522,Nestea,Shawarma
718570,coke,Shawarma
714598,Carbonated drink,Shawarma
601950,coke,Shawarma
612478,Diet coke,Shawarma
501416,Soft drink (catbonated or not),Shawarma
629710,Apple juice,Shawarma
502610,coca cola zero,Shawarma
603476,coke,Shawarma
600957,Water,Shawarma
713423,juice?,Shawarma
722431,Nestea.,Shawarma
633234,Iced Tea,Shawarma
148179,Cola,Shawarma
715845,Orange juice,Shawarma
632153,Sprite,Shawarma
606552,Nestea,Shawarma
738409,Water,Shawarma
612096,Coke,Shawarma
743537,Sprite,Shawarma
632896,Coke,Shawarma
605207,Water,Shawarma
617542,Juice,Shawarma
719554,None,Shawarma
627427,Water,Shawarma
411315,coke,Shawarma
631507,Soda,Shawarma
627798,Sprite,Shawarma
712093,Coca Cola,Shawarma
627488,Soda,Shawarma
626493,Apple Juice,Shawarma
601363,Ayran,Shawarma
712898,Nestea,Shawarma
603398,Lemon Mint Juice,Shawarma
631012,Diet Coke,Shawarma
601848,Iced lemon tea,Shawarma
612131,Mineral water,Shawarma
408630,water,Shawarma
632091,a can of soda,Shawarma
601122,Coke,Shawarma
602871,Coke,Shawarma
520828,Water,Shawarma
514199,Water,Shawarma
389697,"Water

Fruit juice/smoothie

Sparkling water

Soft drinks",Shawarma
714430,orange juice,Shawarma
612567,Juice,Shawarma
744468,Orange Fanta,Shawarma
502722,Water or sprite,Shawarma
519681,Diet Coke,Shawarma
631125,Coke,Shawarma
606119,Coke,Shawarma
627252,Water,Shawarma
616568,soda,Shawarma
603838,Lemonade,Shawarma
719735,Water,Shawarma
608062,Mango juice,Shawarma
608704,Coke,Shawarma
520383,Water,Shawarma
603793,water,Shawarma
603933,sprite,Shawarma
605519,Water,Shawarma
524803,Beer,Shawarma
629712,Nestea,Shawarma
627505,Water,Shawarma
526131,"I would pair it with water, since they often have a lot of fat and I wouldn't want to also take soft drinks on top of it.",Shawarma
607065,Iced Tea,Shawarma
500077,Coke Zero,Shawarma
633350,"Gingerale

 ",Shawarma
601945,Diet coke,Shawarma
629878,Water,Shawarma
712766,Water,Shawarma
603664,water,Shawarma
840827,Water,Shawarma
604897,Lemonade,Shawarma
525422,Water,Shawarma
602560,Never personally had shawarma but I'd expect to pair it up with maybe a lemonade or ice tea?,Shawarma
738379,The Avengers,Shawarma
622023,Coke Zero,Shawarma
604770,no drink,Shawarma
608318,Coke,Shawarma
626757,Pop,Shawarma
745297,Coke,Shawarma
627599,Nestea,Shawarma
520037,Pepsi,Shawarma
632189,Water,Shawarma
627636,Water,Shawarma
295428,soft drink,Shawarma
228777,sprite ,Shawarma
609278,Sugarcane juice,Shawarma
614089,Coke,Shawarma
607517,Fruit Juice,Shawarma
714607,Peach Green Tea,Shawarma
716650,I would pair this item with a ginger ale because that is the most frequent drink purchased with this food item.,Shawarma
497695,Water,Shawarma
496858,Maybe some mango lassi,Shawarma
608688,Soda,Shawarma
604386,water,Shawarma
628559,Soda,Shawarma
715152,I usually like water,Shawarma
604110,Sprite,Shawarma
629010,Water,Shawarma
605254,Diet Coke,Shawarma
628990,Soda,Shawarma
625295,Pop,Shawarma
603415,Soda,Shawarma
635533,Coke,Shawarma
630389,Coke,Shawarma
714901,Pepsi or Coca Cola,Shawarma
629792,pop,Shawarma
629025,Pepsi,Shawarma
524441,Pepsi,Shawarma
389109,"Ayran Yogurt (actually I don't drink this after having tried it twice, but if we're talking about what I'd canonically pair it with). If we're talking about what I'd actually drink and pair it with, then just water",Shawarma
631216,lemonade,Shawarma
738875,Water,Shawarma
634669,Wine,Shawarma
409940,diet coke,Shawarma
399605,coke,Shawarma
721831,Fanta,Shawarma
835223,Coke,Shawarma
712938,Fanta,Shawarma
395712,"Pop, Coca-Cola, 7up, crush ",Shawarma
603388,Coke,Shawarma
617774,Water,Shawarma
289440,coke,Shawarma
714503,cola,Shawarma
714893,Coke,Shawarma
601094,ice tea,Shawarma
618150,Diet Coke,Shawarma
607944,Juice,Shawarma
629844,Orange juice,Shawarma
626482,Sprite,Shawarma
609257,Water,Shawarma
717921,Sparkling water,Shawarma
181851,water,Shawarma
629041,Iced tea,Shawarma
604062,Coke/Coke Zero,Shawarma
716749,water or lemon water,Shawarma
633143,Soft drinks such as Coca-Cola,Shawarma
743828,Mango Juice,Shawarma
520861,Soda,Shawarma
517019,pop,Shawarma
626779,water,Shawarma
611716,coke,Shawarma
193195,Soda,Shawarma
627530,Ginger Ale,Shawarma
626479,Some type of soda,Shawarma
624540,crush/cola,Shawarma
625315,Soft drink,Shawarma
601941,cococola,Shawarma
723968,Nestea,Shawarma
715806,sprite,Shawarma
720045,Water,Shawarma
713585,Soda,Shawarma
611188,Water,Shawarma
606726,Ayran,Shawarma
629142,I would pair pop with this food item.,Shawarma
634825,Soda,Shawarma
613409,Coke-Cola,Shawarma
633224,Water,Shawarma
738850,Water,Shawarma
500470,Soda,Shawarma
13183,diet coke,Shawarma
627169,Sprite,Shawarma
229041,pepsi,Shawarma
496344,Jarritos,Shawarma
409723,Lassi,Shawarma
630949,Soda,Shawarma
413014,A fruit juice such as orange juice,Shawarma
310438,Water,Shawarma
627430,Water,Shawarma
526510,water,Shawarma
390823,Nestea,Shawarma
717116,carbonated drinks,Shawarma
712143,cola,Shawarma
612538,water,Shawarma
627539,Sprite,Shawarma
603812,Root Beer,Shawarma
740568,Water,Shawarma
712702,pineapple juice,Shawarma
519638,Water,Shawarma
627800,"Water, Soda",Shawarma
406863,Coke,Shawarma
726962,Water,Shawarma
628077,Water,Shawarma
601693,Water,Shawarma
517096,Nestea,Shawarma
606821,Water,Shawarma
455047,"juice, water or coke",Shawarma
625576,Water,Shawarma
716549,Miso soup,Sushi
715742,Miso Soup,Sushi
727333,cola,Sushi
606874,Water,Sushi
505318,Water,Sushi
605771,None,Sushi
606929,coke,Sushi
609789,ice tea,Sushi
644623,None,Sushi
626792,tea,Sushi
714863,tea,Sushi
602805,Coca Cola,Sushi
602526,soju,Sushi
497421,Oolong tea,Sushi
389328,Sake,Sushi
289931,green tea,Sushi
620148,Tea,Sushi
387155,water,Sushi
516975,Iced tea,Sushi
630825,Soup,Sushi
614043,Green tea,Sushi
521125,Root beer,Sushi
627780,Sake,Sushi
492744,Lemon water,Sushi
618747,"Sake, beer",Sushi
607815,Sake,Sushi
601609,Diet Coke,Sushi
602657,miso soup,Sushi
616449,Green tea,Sushi
501893,tea,Sushi
507448,Calpis,Sushi
606556,Miso Soup,Sushi
724326,Tea,Sushi
616945,water,Sushi
630962,Water,Sushi
715814,"I would say some Japanese culture related drinks like their wines (e.g. beer, rice wine, etc.) and tea (green tea more if specifically).",Sushi
502799,Water,Sushi
605278,Tea,Sushi
388888,Barley tea,Sushi
519548,Sake,Sushi
405521,beer,Sushi
607410,Water,Sushi
715795,Iced fruit punch juice,Sushi
625326,Soup,Sushi
627220,Water,Sushi
634964,Water,Sushi
722500,apple juice,Sushi
602824,tea,Sushi
618355,hot tea,Sushi
611097,coke,Sushi
634328,Green Tea,Sushi
607160,sake,Sushi
728522,Hot Tea,Sushi
718570,juice/wine,Sushi
714598,Hot tea,Sushi
601950,tea,Sushi
612478,Beer,Sushi
501416,"Tea, uncarbonated soft drink, alcoholic beverage",Sushi
629710,Water,Sushi
502610,Water,Sushi
603476,water,Sushi
600957,Water,Sushi
713423,tea,Sushi
722431,Sake or green tea.,Sushi
633234,Water,Sushi
148179,Tea,Sushi
715845,Green tea,Sushi
632153,Fish sauce,Sushi
606552,Water,Sushi
738409,milk,Sushi
612096,Green tea,Sushi
743537,Cold water,Sushi
632896,I think Sake pair with this food item. ,Sushi
605207,Water,Sushi
617542,Miso Soup,Sushi
719554,Miso soup,Sushi
627427,Green tea,Sushi
411315,tea,Sushi
631507,Water,Sushi
627798,Tea,Sushi
712093,Water,Sushi
627488,Water,Sushi
626493,Water,Sushi
601363,A beer,Sushi
712898,green tea,Sushi
603398,"I wouldn't pair a drink with sushi

Water probably",Sushi
631012,Water,Sushi
601848,Green tea,Sushi
612131,Green tea / ocha,Sushi
408630,tea,Sushi
632091,tea,Sushi
601122,Sake,Sushi
602871,Miso soup,Sushi
520828,Tea,Sushi
514199,Tea,Sushi
389697,"Green tea

Water",Sushi
714430,orange juice,Sushi
612567,Matcha,Sushi
744468,Water,Sushi
502722,Water,Sushi
519681,Water,Sushi
631125,None,Sushi
606119,Tea,Sushi
627252,Water,Sushi
616568,sake,Sushi
603838,Green Tea,Sushi
719735,Hot or Iced Tea,Sushi
608062,Water ,Sushi
608704,Wine,Sushi
520383,Sake!,Sushi
603793,ocha,Sushi
603933,juice,Sushi
605519,Green Tea,Sushi
524803,Green tea,Sushi
629712,Water,Sushi
627505,Water,Sushi
526131,"I would pair this item with water. It is usually not dry or dehydrating so I don't usually drink much with it, but water is more than enough.",Sushi
607065,Wine,Sushi
500077,water,Sushi
633350,Green tea ,Sushi
601945,Wine,Sushi
629878,Tea,Sushi
712766,Tea,Sushi
603664,Calpis,Sushi
840827,Water,Sushi
604897,Tea,Sushi
525422,Water,Sushi
602560,Maybe some cocktail like Gin Martini. ,Sushi
738379,Green tea or water,Sushi
622023,Coke Zero,Sushi
604770,no drink,Sushi
608318,Sake,Sushi
626757,Tea,Sushi
745297,Water,Sushi
627599,Water,Sushi
520037,Beer,Sushi
632189,Water,Sushi
627636,Water,Sushi
295428,sake,Sushi
228777,water,Sushi
609278,Miso soup,Sushi
614089,Water,Sushi
607517,Sake,Sushi
714607,Matcha,Sushi
716650,I would pair water with lemon with this food item since it is usually eaten at a sit down.,Sushi
497695,Water,Sushi
496858,I would eat sushi with some bubble tea!,Sushi
608688,Tea,Sushi
604386,tea,Sushi
628559,Green tea,Sushi
715152,Bubble Tea,Sushi
604110,Juice,Sushi
629010,Lemon Water,Sushi
605254,hot green tea,Sushi
628990,Soju,Sushi
625295,Water,Sushi
603415,Tea,Sushi
635533,rice wine,Sushi
630389,Tea,Sushi
714901,Water,Sushi
629792,sake,Sushi
629025,water,Sushi
524441,Boba,Sushi
389109,Jasmine or roasted green tea,Sushi
631216,water,Sushi
738875,Milk tea,Sushi
634669,Sake,Sushi
409940,miso soup,Sushi
399605,barley tea,Sushi
721831,Sake,Sushi
835223,Green tea,Sushi
712938,Calpis,Sushi
395712,No drink.,Sushi
603388,Oolong tea,Sushi
617774,Water,Sushi
289440,tea,Sushi
714503,soybean milk,Sushi
714893,Water,Sushi
601094,hot tea,Sushi
618150,"water, iced-tea",Sushi
607944,Tea,Sushi
629844,Orange juice,Sushi
626482,None,Sushi
609257,Water,Sushi
717921,Water,Sushi
181851,water,Sushi
629041,tea,Sushi
604062,Green tea!,Sushi
716749,Miso Soup， tea,Sushi
633143,Water,Sushi
743828,Water,Sushi
520861,Tea,Sushi
517019,Beer,Sushi
626779,none,Sushi
611716,miso soup,Sushi
193195,Water,Sushi
627530,Tea,Sushi
626479,Just water honestly,Sushi
624540,korea drink/japanese drink,Sushi
625315,Tea,Sushi
601941,Oolong Tea,Sushi
723968,Nestea,Sushi
715806,Water,Sushi
720045,Water,Sushi
713585,Sake,Sushi
611188,Tea,Sushi
606726,Juice,Sushi
629142,I would pair tea or juice with this food item.,Sushi
634825,Tea,Sushi
613409,Water,Sushi
633224,Water,Sushi
738850,Tea,Sushi
500470,Water,Sushi
13183,Water,Sushi
627169,champagne,Sushi
229041,tea,Sushi
496344,Oolong Tea,Sushi
409723,Sake,Sushi
630949,Tea,Sushi
413014,Sake (Japanese rice wine),Sushi
310438,Sake,Sushi
627430,Tea,Sushi
526510,water,Sushi
390823,Tea,Sushi
717116,"wine, tea, sparkling water",Sushi
712143,Sake,Sushi
612538,Tea,Sushi
627539,Tea,Sushi
603812,Sake,Sushi
740568,Water,Sushi
712702,lemon tea,Sushi
519638,Water,Sushi
627800,Tea,Sushi
406863,Bubble Tea,Sushi
726962,coke,Sushi
628077,Water,Sushi
601693,Water,Sushi
517096,Sake,Sushi
606821,Sake,Sushi
455047,"water, tea",Sushi
625576,Water,Sushi
747734,Soda ,Pizza
517064,Root-beer.,Pizza
387330,7up,Pizza
746750,Pepsi,Pizza
629285,Coke,Pizza
743488,soda,Pizza
523710,Coke,Pizza
635179,Sprite,Pizza
313562,crush ,Pizza
712670,I would pair it with a bottled Coca-Cola for the authentic western junk food combo.,Pizza
635627,Coke,Pizza
524485,Coke,Pizza
632320,coke,Pizza
633520,"Some kind of fizzy drink, like Crush. ",Pizza
606905,pineapple fanta,Pizza
393424,Coke,Pizza
618333,Coca cola,Pizza
628558,tap water or sprite,Pizza
613776,Diet Coke,Pizza
317214,Any drink works well.,Pizza
628093,Nestea.,Pizza
411781,Coke Zero,Pizza
525567,Water,Pizza
634455,Coke or Pepsi.,Pizza
498848,Beer,Pizza
638838,Pepsi,Pizza
411253,nestea,Pizza
410165,apple juice,Pizza
608554,Pop,Pizza
602394,Pop,Pizza
743623,"Pop, such as Coke or Pepsi",Pizza
87783,Coca-Cola or Beer,Pizza
632431,Coca Cola,Pizza
744091,Water,Pizza
519570,Soda,Pizza
744484,Coke,Pizza
508149,Water,Pizza
524992,coca cola,Pizza
413570,Coca-Cola,Pizza
306207,coke,Pizza
634468,Soda/Pop,Pizza
522205,Sprite,Pizza
5978,Water,Pizza
742611,"Pops, Orange Juice, Water.",Pizza
631198,water,Pizza
606150,Coca Cola.,Pizza
313577,coke,Pizza
629700,Water,Pizza
630928,apple juice,Pizza
607286,Sprite.,Pizza
607609,Soft Drink,Pizza
522890,"Sprite or any soft drinks as such. Coke, Pepsi, etc.",Pizza
630227,Coca Cola,Pizza
603607,Coke,Pizza
617029,coke,Pizza
617462,Coke,Pizza
633001,Iced tea,Pizza
634690,pepsi,Pizza
630198,coca-cola,Pizza
520507,Ginger ale,Pizza
635065,Soda,Pizza
613209,Pepsi/Coke,Pizza
605452,Soda,Pizza
24137,coke,Pizza
518809,fanta,Pizza
634646,Coca Cola,Pizza
508156,Coca-Cola Zero,Pizza
632909,canada dry,Pizza
414734,obviously cola,Pizza
630250,Sprite,Pizza
411810,Pop with ice,Pizza
214145,gatorade,Pizza
628986,Coke,Pizza
211158,Soda,Pizza
507382,Coca Cola,Pizza
522877,ginger ale ,Pizza
635024,Soda.,Pizza
602845,I like Coca Cola and would pair it with this food item.,Pizza
519822,Coca-cola,Pizza
600849,Ginger ale,Pizza
605148,"Any soda: Pepsi, Coca Cola, Crush, Canada Dry",Pizza
631600,Sprite. Or perhaps any pop drink would go well with pizza. ,Pizza
716142,soda,Pizza
525853,Coca-Cola,Pizza
835124,Coke,Pizza
634764,Coke,Pizza
630117,Pop drink,Pizza
631531,pepsi/water,Pizza
714062,Coke,Pizza
629156,Soda,Pizza
498563,Water,Pizza
625319,Soda or water.,Pizza
723931,coke,Pizza
526497,Coke ,Pizza
630999,Coke,Pizza
97339,Coke Zero,Pizza
631909,Coke,Pizza
625349,sprite,Pizza
632299,Soda,Pizza
616634,Pepsi,Pizza
616836,Diet Coke,Pizza
609116,Soda,Pizza
626789,diet coke,Pizza
504599,Diet Pepsi,Pizza
632684,Coca Cola,Pizza
522967,cocacola,Pizza
632893,Pepsi,Pizza
632156,I would pair coke with pizza.,Pizza
603582,Coke with ice,Pizza
626754,Coca Cola,Pizza
298481,Coke Zero,Pizza
631583,Coke,Pizza
718026,pepsi,Pizza
616713,Water,Pizza
602533,Coke,Pizza
522345,Soda,Pizza
629758,diet coke,Pizza
631496,Coke,Pizza
491374,Coca-Cola,Pizza
632051,Coke,Pizza
409930,water,Pizza
632975,Coke,Pizza
407221,Pepsi,Pizza
204508,sprite,Pizza
618700,soda,Pizza
627792,Pepsi.,Pizza
712054,Coke,Pizza
631881,"Soda (i.e. Coke, Pepsi, etc.)",Pizza
716188,Coke,Pizza
628744,Coca Cola,Pizza
604132,Soda,Pizza
629807,Water,Pizza
741428,Pepsi,Pizza
633024,water,Pizza
631221,A soda,Pizza
601983,Coke,Pizza
603007,Iced Tea,Pizza
601217,Diet coke,Pizza
629221,Coke,Pizza
634705,Orange Crush Soda,Pizza
630070,coke,Pizza
630006,Coke,Pizza
629072,Soda,Pizza
630044,Diet pepsi.,Pizza
626026,sprite or juice.,Pizza
520303,Coke,Pizza
630972,Soda,Pizza
630948,soda,Pizza
626778,Coke Zero,Pizza
631181,coke,Pizza
633541,Nestea,Pizza
630098,Coke.,Pizza
629959,Water,Pizza
633097,Cola,Pizza
605290,Sprindrift,Pizza
629869,Diet coke,Pizza
632868,"Probably a fizzy drink, ideally coca-cola. ",Pizza
209691,I would pair with this food item with iced tea.,Pizza
600915,Water,Pizza
525420,Coke,Pizza
414710,Pepsi,Pizza
629985,pepsi,Pizza
523128,Sprite,Pizza
727410,Water,Pizza
616457,coke,Pizza
206487,Any soft drink,Pizza
68949,A soda,Pizza
419835,Coke,Pizza
745732,coca cola. ,Pizza
543739,Coke,Pizza
410380,Soda,Pizza
385307,coke ,Pizza
634566,Martini Cocktail ,Pizza
625818,Coca-cola,Pizza
631164,Water,Pizza
603130,Pepsi,Pizza
229211,Gingerale (Canada Dry),Pizza
626849,Pop/Soda,Pizza
634650,Coke,Pizza
632125,Sprite,Pizza
626812,ice tea,Pizza
631109,"Soda, personally Sprite. ",Pizza
716766,coca-cola,Pizza
494103,Coca cola,Pizza
628102,Water,Pizza
634683,Coke,Pizza
517774,sprite,Pizza
408898,Water,Pizza
603189,Diet Coke,Pizza
606857,Coke,Pizza
523080,soda,Pizza
631014,Fanta,Pizza
503957,Coke,Pizza
524890,Sprite,Pizza
717411,soft drink,Pizza
525311,Soda,Pizza
630967,Red Wine or Coca Cola,Pizza
604969,Soda,Pizza
524480,Mountain Dew,Pizza
630121,soft drinks,Pizza
629615,Sprite,Pizza
634977,Coca Cola,Pizza
630823,coke,Pizza
632228,Coke,Pizza
504548,Coca-Cola,Pizza
522477,Coke.,Pizza
523461,Soda,Pizza
312640,Coke a cola,Pizza
854745,Soda,Pizza
711854,Coke,Pizza
739254,Sprite,Pizza
621555,Ice tea???? Or fountain drinks in general. I like Dr. Pepper,Pizza
602482,Soda,Pizza
630416,"Water, because water is good for you",Pizza
505458,Soft drink,Pizza
296589,"Pop, soda, alcohol, or water",Pizza
604826,I will pair this food item with sparkling water.,Pizza
387820,Diet coke,Pizza
603612,Water,Pizza
712252,Coke,Pizza
742226,Soda,Pizza
712771,Orange juice,Pizza
746466,Ginger Ale,Pizza
601737,coke,Pizza
631902,Soda,Pizza
312320,i like Coke Cola the best with this pizza,Pizza
519986,Coke,Pizza
626771,"I would pair this food item with a soda of choice. For me, that would be Diet Coke. I am also a fan of pairing this food item with apple juice.",Pizza
407257,"Soda

Pop

Coke",Pizza
626883,Water,Pizza
727339,Sprite,Pizza
631448,"Coke/Diet Pepsi, although I would literally have to eat healthy for the next straight 2 weeks.",Pizza
634885,Water,Pizza
619932,Soda,Pizza
601986,Milkshake,Pizza
631141,Pepsi,Pizza
631069,Soft drink (coke/pepsi),Pizza
634508,Coke,Pizza
206744,Coke,Pizza
498213,"soda for sure, personally Diet Coke.",Pizza
627496,Coke,Pizza
629659,Kraken Spiced Rum,Pizza
630190,"Iced tea, or soda.",Pizza
401586,diet coke,Pizza
629263,Diet Pepsi,Pizza
631678,Coke,Pizza
411681,Pop,Pizza
518733,coke,Pizza
630378,Pepsi,Pizza
631142,Ginger Ale,Pizza
519976,Water,Pizza
604991,Ginger Ale,Pizza
522483,Water or juice or Ramune soda,Pizza
629723,Diet Coke,Pizza
387522,Coca Cola,Pizza
613484,Coke,Pizza
388729,I would like to take fruit team when I have a meal !,Pizza
494373,coke zero,Pizza
630977,DIp or Pop,Pizza
621982,coke,Pizza
605537,diet coke,Pizza
607073,pop drinks,Pizza
624443,Soda,Pizza
718089,Coke,Pizza
622727,Coca-Cola or water,Pizza
609617,Coca Cola,Pizza
526064,Soda,Pizza
609179,coke,Pizza
627638,A soda or iced tea - I personally like to choose iced tea over soda.,Pizza
411117,Coca-Cola,Pizza
634430,Pepsi,Pizza
631711,Coke,Pizza
606010,"Cola, but ill probably drink water.",Pizza
631436,I would pair Pepsi with Pizza.,Pizza
633712,Water,Pizza
609556,Coke,Pizza
520090,Coca-Cola,Pizza
602234,I would pair chocolate milk with pizza. Mmmm... chocolate milk...,Pizza
741592,Soda,Pizza
628547,Coca cola,Pizza
501513,Nestea,Pizza
630929,soda,Pizza
617379,Dr. Pepper,Pizza
617310,Coca-Cola ,Pizza
495424,Canada Dry,Pizza
622787,gingerale,Pizza
631716,Coca Cola,Pizza
741658,Sprite,Pizza
620745,Pop,Pizza
611932,Soda,Pizza
635602,"Soda - coke, sprite, crush, etc.",Pizza
619892,Pepsi,Pizza
529289,Coke,Pizza
630738,pop,Pizza
524766,Pop drink,Pizza
522148,cola,Pizza
601547,coke,Pizza
631046,"Pepsi, Coke",Pizza
66222,Zero sugar coca cola,Pizza
603182,Soda,Pizza
632117,"Soda like Coke, Sprite, Fanta, Crush, or Ginger Ale.",Pizza
630209,Coke,Pizza
413395,Coke or Juice,Pizza
386750,A glass of water,Pizza
617178,I would pair this item with soda.,Pizza
630128,Any soft drink,Pizza
628736,Water because cheese is very salty.,Pizza
747734,smoothie,Shawarma
517064,Water.,Shawarma
387330,Sprite,Shawarma
746750,juice,Shawarma
629285,nestea,Shawarma
743488,soda,Shawarma
523710,Coke,Shawarma
635179,Iced Tea,Shawarma
313562,crush ,Shawarma
712670,Coca-Cola,Shawarma
635627,Coke,Shawarma
524485,Coke,Shawarma
632320,ice lemon tea,Shawarma
633520,Laban Ayran ,Shawarma
606905,pineapple fanta,Shawarma
393424,Coke,Shawarma
618333,Coca cola,Shawarma
628558,tap water.,Shawarma
613776,Diet Coke,Shawarma
317214,Any drink would pair well.,Shawarma
628093,Water.,Shawarma
411781,Coke Zero,Shawarma
525567,Water,Shawarma
634455,Water.,Shawarma
498848,Pop,Shawarma
638838,Pepsi,Shawarma
411253,sprite,Shawarma
410165,pineapple juice,Shawarma
608554,Laban,Shawarma
602394,Pop,Shawarma
743623,"Pop, such as Coke or Pepsi, or Jarritos",Shawarma
87783,Yogurt Drink or Coca-Cola,Shawarma
632431,Sprite,Shawarma
744091,Water,Shawarma
519570,Soda,Shawarma
744484,Water,Shawarma
508149,Water,Shawarma
524992,pepsi,Shawarma
413570,Sprite,Shawarma
306207,Water,Shawarma
634468,Soda/Pop,Shawarma
522205,Sprite,Shawarma
5978,Soda,Shawarma
742611,"None, or maybe water.",Shawarma
631198,water,Shawarma
606150,Coca Cola.,Shawarma
313577,coke,Shawarma
629700,Water.,Shawarma
630928,coffee,Shawarma
607286,Coke,Shawarma
607609,Orange Juice,Shawarma
522890,"Sprite or any soft drinks as such. Coke, Pepsi, etc.",Shawarma
630227,Coca cola,Shawarma
603607,Pepsi,Shawarma
617029,tea,Shawarma
617462,Coke,Shawarma
633001,Iced tea,Shawarma
634690,Pepsi,Shawarma
630198,Mango Juice,Shawarma
520507,Water,Shawarma
635065,Soda,Shawarma
613209,Pepsi/Coke,Shawarma
605452,Ayran,Shawarma
24137,fruit juice,Shawarma
518809,coke,Shawarma
634646,water,Shawarma
508156,Ayran,Shawarma
632909,Coke,Shawarma
414734,cola ,Shawarma
630250,Sprite,Shawarma
411810,Mango juice,Shawarma
214145,wine,Shawarma
628986,Coca-Cola,Shawarma
211158,Soda,Shawarma
507382,Water,Shawarma
522877,water,Shawarma
635024,Water.,Shawarma
602845,"There is no specific that I like to pair with this food item, but I like to drink water.",Shawarma
519822,Coca-cola,Shawarma
600849,Water,Shawarma
605148,"Any soda: Pepsi, Coca Cola, Crush, Canada Dry",Shawarma
631600,"Water. If you have any pop, that just cancels out all of the flavor in the shawarma. A good shawarma has all the flavor you need and one does not need pop to cancel it out.",Shawarma
716142,Soda,Shawarma
525853,Orange juice,Shawarma
835124,Fanta,Shawarma
634764,Iced Tea,Shawarma
630117,Pop drink,Shawarma
631531,pepsi,Shawarma
714062,Apple juice,Shawarma
629156,Mint lemonade,Shawarma
498563,Tea,Shawarma
625319,"Soda, Water, or Coffee",Shawarma
723931,coke,Shawarma
526497,Ginger Ale,Shawarma
630999,Water,Shawarma
97339,Coke Zero,Shawarma
631909,Gingerale,Shawarma
625349,Water,Shawarma
632299,Water,Shawarma
616634,Iced Tea,Shawarma
616836,"Diet Coke

 ",Shawarma
609116,Soda,Shawarma
626789,diet coke,Shawarma
504599,Orange juice,Shawarma
632684,Coca Cola,Shawarma
522967,coca cola,Shawarma
632893,Sprite,Shawarma
632156,I would pair coke with shawarma.,Shawarma
603582,Coke,Shawarma
626754,Water,Shawarma
298481,Coke Zero,Shawarma
631583,Coke,Shawarma
718026,pepsi,Shawarma
616713,Coke,Shawarma
602533,Nestea,Shawarma
522345,Mango Juice,Shawarma
629758,diet coke,Shawarma
631496,Coke,Shawarma
491374,Ginger Ale,Shawarma
632051,Water,Shawarma
409930,water,Shawarma
632975,Water,Shawarma
407221,Pepsi,Shawarma
204508,coke,Shawarma
618700,soda,Shawarma
627792,Coca Cola.,Shawarma
712054,Nestea Iced Tea,Shawarma
631881,Beer or soda,Shawarma
716188,no drink,Shawarma
628744,Water,Shawarma
604132,Water,Shawarma
629807,Water,Shawarma
741428,Water,Shawarma
633024,Sprite,Shawarma
631221,Water,Shawarma
601983,Iced Tea,Shawarma
603007,Iced Tea,Shawarma
601217,Diet coke,Shawarma
629221,Coke,Shawarma
634705,Coca Cola,Shawarma
630070,Sprite,Shawarma
630006,Sprite,Shawarma
629072,Water,Shawarma
630044,Diet Pepsi,Shawarma
626026,sparkling water.,Shawarma
520303,Coke,Shawarma
630972,Soda,Shawarma
630948,soda,Shawarma
626778,Coke Zero,Shawarma
631181,Coke,Shawarma
633541,Nestea,Shawarma
630098,Apple juice.,Shawarma
629959,Water,Shawarma
633097,Lemonade,Shawarma
605290,Soda,Shawarma
629869,Diet coke,Shawarma
632868,I would pair the drink Pepsi with this food. ,Shawarma
209691,I would pair this food item with iced tea.,Shawarma
600915,Water,Shawarma
525420,Laban,Shawarma
414710,7UP,Shawarma
629985,Water,Shawarma
523128,Coke,Shawarma
727410,Coke,Shawarma
616457,barbican,Shawarma
206487,Coke,Shawarma
68949,Ice Tea or Lemonade,Shawarma
419835,Yogurt,Shawarma
745732,coca cola,Shawarma
543739,Coke,Shawarma
410380,Soda,Shawarma
385307,coke,Shawarma
634566,Juice,Shawarma
625818,Barbican,Shawarma
631164,Water,Shawarma
603130,Canned soda,Shawarma
229211,Gingerale (Canada Dry),Shawarma
626849,Pop/Soda,Shawarma
634650,Coke,Shawarma
632125,Water,Shawarma
626812,soft drinks,Shawarma
631109,Water,Shawarma
716766,coca-cola,Shawarma
494103,Coca cola,Shawarma
628102,Water,Shawarma
634683,Ayran,Shawarma
517774,sprite,Shawarma
408898,Water,Shawarma
603189,Ayran,Shawarma
606857,Lemon Iced Tea,Shawarma
523080,soda,Shawarma
631014,Water,Shawarma
503957,Ginger Ale,Shawarma
524890,Sprite,Shawarma
717411,iced tea,Shawarma
525311,Lemonade,Shawarma
630967,Ayran,Shawarma
604969,Soda,Shawarma
524480,Water,Shawarma
630121,soft drinks,Shawarma
629615,Barbican,Shawarma
634977,Fanta,Shawarma
630823,coke,Shawarma
632228,coke,Shawarma
504548,Water,Shawarma
522477,Coke,Shawarma
523461,Soda,Shawarma
312640,leban,Shawarma
854745,Water,Shawarma
711854,Orange juice,Shawarma
739254,Water,Shawarma
621555,Pepsi or some other soft drink.,Shawarma
602482,Soda,Shawarma
630416,Water :),Shawarma
505458,Soft,Shawarma
296589,Water,Shawarma
604826,I will pair this drink with Sparking Water.,Shawarma
387820,fanta,Shawarma
603612,Water,Shawarma
712252,Water,Shawarma
742226,Juice,Shawarma
712771,Iced tea,Shawarma
746466,Water,Shawarma
601737,coke,Shawarma
631902,Water,Shawarma
312320,I would pair Coke Cola or bottled water with Shawarma,Shawarma
519986,Sprite,Shawarma
626771,"I would pair this food item with a soda of choice. Mine would be Diet Coke. I would also pair it with water, as it can be salty.",Shawarma
407257,"Soda

Pop

Coke",Shawarma
626883,Water,Shawarma
727339,Iced Tea,Shawarma
631448,Orange Juice/ Cold water,Shawarma
634885,Water,Shawarma
619932,Juice,Shawarma
601986,Coke,Shawarma
631141,Iced Tea,Shawarma
631069,Soft Drinks (soda),Shawarma
634508,Coke,Shawarma
206744,Mango juice,Shawarma
498213,soda. Diet Coke in particular ,Shawarma
627496,Fanta,Shawarma
629659,Mango Juice,Shawarma
630190,"No drink, or iced tea.",Shawarma
401586,Diet Coke,Shawarma
629263,Coke,Shawarma
631678,Water,Shawarma
411681,Water,Shawarma
518733,coke,Shawarma
630378,Pepsi,Shawarma
631142,Sprite,Shawarma
519976,"I have no idea, I don't eat that stuff",Shawarma
604991,Water,Shawarma
522483,Water,Shawarma
629723,Pepsi,Shawarma
387522,Coca Cola,Shawarma
613484,Water,Shawarma
388729,fruit tea,Shawarma
494373,Coke zero,Shawarma
630977,Sprite,Shawarma
621982,coke,Shawarma
605537,orange juice,Shawarma
607073,pop drinks,Shawarma
624443,Water,Shawarma
718089,Pepsi,Shawarma
622727,"Iced tea, Coca-Cola, or water",Shawarma
609617,Pepsi,Shawarma
526064,Milk,Shawarma
609179,iced tea,Shawarma
627638,A soda or iced tea.,Shawarma
411117,Mango Juice,Shawarma
634430,Pepsi,Shawarma
631711,Coke,Shawarma
606010,pepsi,Shawarma
631436,I would pair Mountain Dew's Baja Blast with Shawarma. ,Shawarma
633712,Water,Shawarma
609556,Water,Shawarma
520090,Barbican,Shawarma
602234,Probably just water. Nothing crazy.,Shawarma
741592,Juice,Shawarma
628547,Water,Shawarma
501513,Sprite,Shawarma
630929,soda,Shawarma
617379,Root Beer,Shawarma
617310,Lemonade,Shawarma
495424,Water,Shawarma
622787,chocolate milk,Shawarma
631716,Water,Shawarma
741658,No drink,Shawarma
620745,Pop,Shawarma
611932,Mango lassi,Shawarma
635602,iced tea/lemonade,Shawarma
619892,lemonade,Shawarma
529289,Iced Tea,Shawarma
630738,water,Shawarma
524766,Dairy,Shawarma
522148,cola,Shawarma
601547,water,Shawarma
631046,Pepsi,Shawarma
66222,Zero sugar coca cola,Shawarma
603182,Soda,Shawarma
632117,Water.,Shawarma
630209,Coke,Shawarma
413395,Coke or Juice,Shawarma
386750,A coca cola ,Shawarma
617178,Nothing in particular– I would say water.,Shawarma
630128,Any soft drink,Shawarma
628736,"I would have milk and water (in separate cups of course). Milk in case it gets too spicy, and water in case it is too salty.",Shawarma
747734,sake,Sushi
517064,Water,Sushi
387330,Rice wine,Sushi
746750,water,Sushi
629285,milk tea,Sushi
743488,water,Sushi
523710,Coke,Sushi
635179,Water,Sushi
313562,water ,Sushi
712670,green tea or water,Sushi
635627,Water,Sushi
524485,Coke,Sushi
632320,water,Sushi
633520,Water,Sushi
606905,misso soup,Sushi
393424,Sake,Sushi
618333,Soju,Sushi
628558,miso soup,Sushi
613776,Jasmine Tea,Sushi
317214,A tea would pair well,Sushi
628093,Water,Sushi
411781,Coke Zero,Sushi
525567,Water,Sushi
634455,Soju,Sushi
498848,Sake,Sushi
638838,Water,Sushi
411253,sprite,Sushi
410165,water,Sushi
608554,Water,Sushi
602394,Water,Sushi
743623,Water or Jarritos,Sushi
87783,Coca-Cola or Beer,Sushi
632431,Water,Sushi
744091,Water,Sushi
519570,Water,Sushi
744484,Water,Sushi
508149,Green Tea,Sushi
524992,water,Sushi
413570,Green tea,Sushi
306207,Water,Sushi
634468,Tea,Sushi
522205,Green Tea,Sushi
5978,Water,Sushi
742611,"stereotypically nihonshu, but maybe tea and water too.",Sushi
631198,water,Sushi
606150,Coca Cola.,Sushi
313577,coke,Sushi
629700,Water,Sushi
630928,Barley tea,Sushi
607286,Milk,Sushi
607609,Sake,Sushi
522890,Water,Sushi
630227,Water,Sushi
603607,Water,Sushi
617029,Sparkling water,Sushi
617462,Sake,Sushi
633001,Water,Sushi
634690,Water,Sushi
630198,water,Sushi
520507,Water,Sushi
635065,Beer,Sushi
613209,Water,Sushi
605452,Sake,Sushi
24137,water,Sushi
518809,coke,Sushi
634646,water,Sushi
508156,Water,Sushi
632909,green tea,Sushi
414734,sake,Sushi
630250,green tea,Sushi
411810,Water,Sushi
214145,powerade,Sushi
628986,Soda,Sushi
211158,miso soup,Sushi
507382,Green Tea,Sushi
522877,Water,Sushi
635024,Water,Sushi
602845,I like traditional green tea with it.,Sushi
519822,Water,Sushi
600849,Water,Sushi
605148,"Water, green tea",Sushi
631600,Water,Sushi
716142,Green Tea,Sushi
525853,Water,Sushi
835124,Green Tea,Sushi
634764,Water,Sushi
630117,Hot matcha,Sushi
631531,water,Sushi
714062,Green Tea,Sushi
629156,Green tea,Sushi
498563,Green tea,Sushi
625319,Water or fruit juice.,Sushi
723931,matcha,Sushi
526497,Mango Juice,Sushi
630999,Green tea,Sushi
97339,Water,Sushi
631909,Green Tea,Sushi
625349,Bubble Milk Tea,Sushi
632299,Tea,Sushi
616634,Water,Sushi
616836,Diet Coke,Sushi
609116,tea,Sushi
626789,diet coke,Sushi
504599,Barley tea,Sushi
632684,Coca Cola,Sushi
522967,water,Sushi
632893,Water,Sushi
632156,I would pair tea with sushi.,Sushi
603582,Rice wine,Sushi
626754,Water,Sushi
298481,Milk Tea,Sushi
631583,ALCOHOLIC SAKE,Sushi
718026,pepsi,Sushi
616713,Sake,Sushi
602533,Water,Sushi
522345,straight soy sauce by the gallon,Sushi
629758,tea,Sushi
631496,Water,Sushi
491374,Hot Tea,Sushi
632051,Bubble Tea,Sushi
409930,tea,Sushi
632975,Water,Sushi
407221,Pepsi,Sushi
204508,tea,Sushi
618700,tea,Sushi
627792,Water.,Sushi
712054,Barley Tea,Sushi
631881,Sake or sparkling water,Sushi
716188,tea,Sushi
628744,Water,Sushi
604132,Water,Sushi
629807,water,Sushi
741428,None,Sushi
633024,water,Sushi
631221,Tea,Sushi
601983,Tea,Sushi
603007,Ramune,Sushi
601217,Diet coke,Sushi
629221,Water,Sushi
634705,Water,Sushi
630070,No Drink,Sushi
630006,Mango Pulp,Sushi
629072,Soup,Sushi
630044,Tea,Sushi
626026,Water.,Sushi
520303,tea,Sushi
630972,Water,Sushi
630948,water,Sushi
626778,Coke Zero,Sushi
631181,water,Sushi
633541,Water,Sushi
630098,Water.,Sushi
629959,Water,Sushi
633097,Sake,Sushi
605290,Matcha tea,Sushi
629869,diet brisk,Sushi
632868,I would have water to pair with this food. ,Sushi
209691,I would pair green tea with this food item.,Sushi
600915,Water,Sushi
525420,Ramune,Sushi
414710,Water,Sushi
629985,Water,Sushi
523128,Sake,Sushi
727410,water,Sushi
616457,sake,Sushi
206487,Coke,Sushi
68949,"Water, Tea or Lemonade",Sushi
419835,Water,Sushi
745732,coca cola,Sushi
543739,Water,Sushi
410380,Sake,Sushi
385307,soup ,Sushi
634566,Sake ,Sushi
625818,Water,Sushi
631164,Water,Sushi
603130,Yakult,Sushi
229211,Miso soup,Sushi
626849,Water,Sushi
634650,Water,Sushi
632125,Water,Sushi
626812,water,Sushi
631109,Water or maybe juice,Sushi
716766,barley tea,Sushi
494103,Coca cola,Sushi
628102,Water,Sushi
634683,Tea,Sushi
517774,sprite,Sushi
408898,Water,Sushi
603189,water,Sushi
606857,Iced Tea,Sushi
523080,water,Sushi
631014,Coca Cola,Sushi
503957,Saporo,Sushi
524890,Sake,Sushi
717411,iced tea,Sushi
525311,Tea,Sushi
630967,Water,Sushi
604969,Sparkling water,Sushi
524480,Water,Sushi
630121,water,Sushi
629615,Jasmine tea,Sushi
634977,water,Sushi
630823,Coke,Sushi
632228,Water,Sushi
504548,Soy Sauce,Sushi
522477,Nestea,Sushi
523461,Sake,Sushi
312640,Yuzu the alcoholic drink,Sushi
854745,Tea,Sushi
711854,Water,Sushi
739254,Water,Sushi
621555,Tea and water.,Sushi
602482,Water,Sushi
630416,Water ,Sushi
505458,Tea,Sushi
296589,"Water, sake",Sushi
604826,I will pair this food item with green tea.,Sushi
387820,coca cola,Sushi
603612,Sake,Sushi
712252,Water,Sushi
742226,Alcohol,Sushi
712771,Hot tea,Sushi
746466,Green Tea,Sushi
601737,green tea,Sushi
631902,Water,Sushi
312320,"I think of sake, suju and Coke Cola for sushi food item",Sushi
519986,water,Sushi
626771,"I would pair this food item with a green tea or simply just water. The reason I say green tea is because it can be hard to digest, so the tea helps! Often times, restaurants/buffets that serve this food will also make green tea an optional drink!",Sushi
407257,Cocktail,Sushi
626883,Water,Sushi
727339,Miso soup,Sushi
631448,Tea,Sushi
634885,Tea,Sushi
619932,Tea,Sushi
601986,rice tea,Sushi
631141,Jasmine tea,Sushi
631069,Tea,Sushi
634508,Soju,Sushi
206744,water,Sushi
498213,I would pair it with water to reserve the sushi taste.,Sushi
627496,Soju,Sushi
629659,Sake,Sushi
630190,Water.,Sushi
401586,tea,Sushi
629263,Lemonade,Sushi
631678,Tea,Sushi
411681,Water,Sushi
518733,water,Sushi
630378,Iced Tea,Sushi
631142,Water,Sushi
519976,Tea,Sushi
604991,Water,Sushi
522483,water or tea,Sushi
629723,Baijiu,Sushi
387522,Green Tea,Sushi
613484,Ice tea,Sushi
388729,fruit tea,Sushi
494373,"Barley tea
----------",Sushi
630977,Water,Sushi
621982,coke,Sushi
605537,soft drink,Sushi
607073,just water,Sushi
624443,Tea,Sushi
718089,Sake,Sushi
622727,Water or tea,Sushi
609617,Iced Tea,Sushi
526064,Water,Sushi
609179,milk,Sushi
627638,Tea or water.,Sushi
411117,Water,Sushi
634430,Juice,Sushi
631711,Root beer,Sushi
606010,green tea,Sushi
631436,I would pair classic water with sushi to bring out its umami flavour. ,Sushi
633712,Water,Sushi
609556,Ocha,Sushi
520090,Green Tea,Sushi
602234,I would pair bubble tea with sushi. Mmmmm... boba...,Sushi
741592,Water,Sushi
628547,Tea,Sushi
501513,Soju,Sushi
630929,tea,Sushi
617379,Mango juice,Sushi
617310,Water,Sushi
495424,Sake,Sushi
622787,tea,Sushi
631716,Green Tea,Sushi
741658,soup ?,Sushi
620745,Water,Sushi
611932,Water,Sushi
635602,water,Sushi
619892,Pepsi,Sushi
529289,Iced Tea,Sushi
630738,miso soup,Sushi
524766,Water or soup,Sushi
522148,rice wine,Sushi
601547,tea,Sushi
631046,Tea,Sushi
66222,Zero sugar coca cola,Sushi
603182,Juice,Sushi
632117,Water.,Sushi
630209,Ginger tea,Sushi
413395,Soup,Sushi
386750,Water,Sushi
617178,Nothing in particular– probably just water,Sushi
630128,Any tea,Sushi
628736,Milk. Especially if eaten with wasabi to put out any flames from the spiciness.,Sushi
