label,feature_name,log_likelihood
Pizza,complexity,-2.364338250813013
Pizza,ingredients,-1.6002132750829716
Pizza,weekday_lunch,-3.7114606780776978
Pizza,weekday_dinner,-3.841513806325896
Pizza,weekend_lunch,-3.7900816326936253
Pizza,weekend_dinner,-3.7589102777906858
Pizza,party,-3.4699502498934125
Pizza,late_night,-3.898672220165844
Pizza,price,-1.253844804853518
Pizza,drink_coca cola,-4.194228349048531
Pizza,drink_water,-6.038738383662116
Pizza,drink_other,-6.326420456113896
Pizza,drink_soda,-4.8297780378251405
Pizza,parents,-4.585954281273391
Pizza,siblings,-4.366325672066626
Pizza,friends,-3.541409213875558
Pizza,teachers,-4.65871363555582
Pizza,strangers,-5.227808167445787
Pizza,hot_sauce,-2.850321766278623
Pizza,movie_cloudy,-6.508742012907851
Pizza,movie_with,-6.4317809717717225
Pizza,movie_a,-6.1722697762866385
Pizza,movie_chance,-6.46952129975457
Pizza,movie_of,-6.116699925131828
Pizza,movie_meatballs,-6.508742012907851
Pizza,movie_all,-8.629005549107942
Pizza,movie_sort,-9.034470657216106
Pizza,movie_american,-8.34132347665616
Pizza,movie_young,-9.034470657216106
Pizza,movie_boy,-8.629005549107942
Pizza,movie_movies,-7.648176296096215
Pizza,movie_action,-8.118179925341952
Pizza,movie_movie,-6.293630633290905
Pizza,movie_mamma,-9.034470657216106
Pizza,movie_mia,-9.034470657216106
Pizza,movie_none,-6.783178858609611
Pizza,movie_dragon,-9.034470657216106
Pizza,movie_rick,-9.034470657216106
Pizza,movie_and,-7.935858368547997
Pizza,movie_morty,-9.034470657216106
Pizza,movie_home,-5.584483111384519
Pizza,movie_alone,-5.60048345273096
Pizza,movie_the,-5.633273275553951
Pizza,movie_big,-8.34132347665616
Pizza,movie_lebowski,-8.629005549107942
Pizza,movie_spider,-6.261881934976325
Pizza,movie_man,-6.1722697762866385
Pizza,movie_2,-6.261881934976325
Pizza,movie_goodfellas,-8.629005549107942
Pizza,movie_goofy,-8.629005549107942
Pizza,movie_disney,-9.034470657216106
Pizza,movie_dead,-9.034470657216106
Pizza,movie_silence,-9.034470657216106
Pizza,movie_la,-8.629005549107942
Pizza,movie_land,-9.034470657216106
Pizza,movie_harry,-8.118179925341952
Pizza,movie_potter,-8.34132347665616
Pizza,movie_philosopher,-9.034470657216106
Pizza,movie_s,-7.425032744782006
Pizza,movie_stone,-9.034470657216106
Pizza,movie_transformer,-8.629005549107942
Pizza,movie_ninja,-5.56873475441638
Pizza,movie_turtles,-5.61674397360274
Pizza,movie_high,-8.629005549107942
Pizza,movie_school,-8.629005549107942
Pizza,movie_musical,-8.629005549107942
Pizza,movie_3,-9.034470657216106
Pizza,movie_despicable,-8.629005549107942
Pizza,movie_me,-8.629005549107942
Pizza,movie_teenage,-5.702266147040902
Pizza,movie_mutant,-5.702266147040902
Pizza,movie_toy,-7.648176296096215
Pizza,movie_story,-7.530393260439832
Pizza,movie_godfather,-7.088560508160793
Pizza,movie_spiderman,-6.46952129975457
Pizza,movie_pizza,-7.530393260439832
Pizza,movie_fast,-8.34132347665616
Pizza,movie_furious,-8.34132347665616
Pizza,movie_garfield,-7.530393260439832
Pizza,movie_no,-7.648176296096215
Pizza,movie_way,-9.034470657216106
Pizza,movie_ratatouille,-6.1722697762866385
Pizza,movie_five,-7.935858368547997
Pizza,movie_nights,-7.935858368547997
Pizza,movie_at,-7.781707688720738
Pizza,movie_freddies,-9.034470657216106
Pizza,movie_other,-6.064056191646405
Pizza,movie_back,-7.530393260439832
Pizza,movie_to,-7.530393260439832
Pizza,movie_future,-7.648176296096215
Pizza,movie_mystic,-8.34132347665616
Pizza,movie_futurama,-8.629005549107942
Pizza,movie_iron,-8.629005549107942
Pizza,movie_i,-7.648176296096215
Pizza,movie_life,-8.34132347665616
Pizza,movie_pi,-8.629005549107942
Pizza,movie_avengers,-7.425032744782006
Pizza,movie_any,-8.118179925341952
Pizza,movie_king,-8.629005549107942
Pizza,movie_kong,-9.034470657216106
Pizza,movie_marvel,-8.629005549107942
Pizza,movie_grown,-8.34132347665616
Pizza,movie_ups,-8.34132347665616
Pizza,movie_n,-9.034470657216106
Pizza,movie_don,-8.629005549107942
Pizza,movie_t,-8.629005549107942
Pizza,movie_watch,-8.629005549107942
Pizza,movie_lot,-9.034470657216106
Pizza,movie_deadpool,-8.118179925341952
Pizza,movie_meatball,-9.034470657216106
Pizza,movie_whiplash,-9.034470657216106
Pizza,movie_inside,-8.629005549107942
Pizza,movie_out,-8.629005549107942
Pizza,movie_superbad,-8.34132347665616
Pizza,movie_stranger,-9.034470657216106
Pizza,movie_things,-9.034470657216106
Pizza,movie_2012,-9.034470657216106
Pizza,movie_air,-9.034470657216106
Pizza,movie_bud,-9.034470657216106
Pizza,movie_quiet,-8.629005549107942
Pizza,movie_place,-8.34132347665616
Pizza,movie_day,-9.034470657216106
Pizza,movie_one,-9.034470657216106
Pizza,movie_2024,-9.034470657216106
Pizza,movie_finding,-9.034470657216106
Pizza,movie_nemo,-9.034470657216106
Pizza,movie_endgame,-9.034470657216106
Pizza,movie_my,-9.034470657216106
Pizza,movie_cousin,-9.034470657216106
Pizza,movie_vinny,-9.034470657216106
Pizza,movie_eat,-8.34132347665616
Pizza,movie_pray,-8.34132347665616
Pizza,movie_love,-8.118179925341952
Pizza,movie_freddy,-8.118179925341952
Pizza,movie_comedy,-8.34132347665616
Pizza,movie_star,-8.629005549107942
Pizza,movie_wars,-8.629005549107942
Pizza,movie_turtle,-8.34132347665616
Pizza,movie_dark,-8.629005549107942
Pizza,movie_knight,-8.629005549107942
Pizza,movie_lost,-8.629005549107942
Pizza,movie_in,-7.781707688720738
Pizza,movie_new,-8.34132347665616
Pizza,movie_york,-8.34132347665616
Pizza,movie_pulp,-8.629005549107942
Pizza,movie_fiction,-8.629005549107942
Pizza,movie_truman,-9.034470657216106
Pizza,movie_show,-9.034470657216106
Pizza,movie_think,-8.118179925341952
Pizza,movie_breaking,-8.118179925341952
Pizza,movie_bad,-8.118179925341952
Pizza,movie_interstellar,-8.34132347665616
Pizza,movie_rush,-8.34132347665616
Pizza,movie_hour,-8.34132347665616
Pizza,movie_scooby,-9.034470657216106
Pizza,movie_doo,-9.034470657216106
Pizza,movie_princess,-8.629005549107942
Pizza,movie_diaries,-8.629005549107942
Pizza,movie_apology,-9.034470657216106
Pizza,movie_scene,-9.034470657216106
Pizza,movie_wall,-9.034470657216106
Pizza,movie_e,-9.034470657216106
Pizza,movie_spy,-9.034470657216106
Pizza,movie_kids,-9.034470657216106
Pizza,movie_3d,-9.034470657216106
Pizza,movie_squid,-9.034470657216106
Pizza,movie_game,-8.34132347665616
Pizza,movie_running,-9.034470657216106
Pizza,movie_recep,-9.034470657216106
Pizza,movie_ivedik,-9.034470657216106
Pizza,movie_venom,-9.034470657216106
Pizza,movie_moneyball,-9.034470657216106
Pizza,movie_1,-9.034470657216106
Pizza,movie_coraline,-9.034470657216106
Pizza,movie_if,-9.034470657216106
Pizza,movie_james,-9.034470657216106
Pizza,movie_bond,-9.034470657216106
Pizza,movie_007,-9.034470657216106
Pizza,movie_sam,-9.034470657216106
Pizza,movie_raimi,-9.034470657216106
Pizza,movie_carry,-9.034470657216106
Pizza,movie_on,-9.034470657216106
Pizza,movie_set,-8.34132347665616
Pizza,movie_it,-8.629005549107942
Pizza,movie_up,-8.629005549107942
Pizza,movie_green,-8.34132347665616
Pizza,movie_book,-8.34132347665616
Pizza,movie_cars,-9.034470657216106
Pizza,movie_relaxing,-9.034470657216106
Pizza,movie_zootopia,-8.629005549107942
Pizza,movie_honestly,-9.034470657216106
Pizza,movie_is,-8.34132347665616
Pizza,movie_food,-8.629005549107942
Pizza,movie_mario,-8.118179925341952
Pizza,movie_30,-9.034470657216106
Pizza,movie_minutes,-9.034470657216106
Pizza,movie_or,-8.629005549107942
Pizza,movie_less,-9.034470657216106
Pizza,movie_21,-9.034470657216106
Pizza,movie_jump,-9.034470657216106
Pizza,movie_street,-9.034470657216106
Pizza,movie_free,-9.034470657216106
Pizza,movie_guy,-9.034470657216106
Pizza,movie_poter,-9.034470657216106
Pizza,movie_soul,-9.034470657216106
Pizza,movie_idk,-8.629005549107942
Pizza,movie_beautiful,-9.034470657216106
Pizza,movie_wicked,-9.034470657216106
Pizza,movie_harold,-9.034470657216106
Pizza,movie_kumar,-9.034470657216106
Pizza,movie_go,-9.034470657216106
Pizza,movie_white,-9.034470657216106
Pizza,movie_castle,-9.034470657216106
Pizza,movie_lord,-9.034470657216106
Pizza,movie_rings,-9.034470657216106
Pizza,movie_something,-9.034470657216106
Pizza,movie_fun,-9.034470657216106
Pizza,movie_like,-8.629005549107942
Pizza,movie_hangover,-8.34132347665616
Pizza,movie_not,-9.034470657216106
Pizza,movie_little,-8.118179925341952
Pizza,movie_italy,-8.118179925341952
Pizza,movie_everything,-9.034470657216106
Pizza,movie_everywhere,-9.034470657216106
Pizza,movie_once,-9.034470657216106
Pizza,movie_barbie,-9.034470657216106
Pizza,movie_hitman,-9.034470657216106
Pizza,movie_liquorice,-9.034470657216106
Pizza,movie_dictator,-9.727617837776052
Pizza,movie_nothing,-9.727617837776052
Pizza,movie_anjaana,-9.727617837776052
Pizza,movie_anjaani,-9.727617837776052
Pizza,movie_hawkeye,-9.727617837776052
Pizza,movie_argo,-9.727617837776052
Pizza,movie_transformers,-8.629005549107942
Pizza,movie_aladdin,-9.727617837776052
Pizza,movie_invisible,-9.727617837776052
Pizza,movie_guest,-9.727617837776052
Pizza,movie_titanic,-9.727617837776052
Pizza,movie_1001,-9.727617837776052
Pizza,movie_dangal,-9.727617837776052
Pizza,movie_into,-9.727617837776052
Pizza,movie_spiderverse,-9.727617837776052
Pizza,movie_slumdog,-9.727617837776052
Pizza,movie_millionaire,-9.727617837776052
Pizza,movie_cleopatra,-9.727617837776052
Pizza,movie_kite,-9.727617837776052
Pizza,movie_runner,-9.034470657216106
Pizza,movie_boys,-9.727617837776052
Pizza,movie_mission,-9.034470657216106
Pizza,movie_impossible,-9.034470657216106
Pizza,movie_black,-8.629005549107942
Pizza,movie_hawk,-9.727617837776052
Pizza,movie_down,-9.727617837776052
Pizza,movie_kungfu,-9.727617837776052
Pizza,movie_panda,-9.727617837776052
Pizza,movie_alladin,-9.727617837776052
Pizza,movie_how,-9.727617837776052
Pizza,movie_lose,-9.727617837776052
Pizza,movie_10,-9.727617837776052
Pizza,movie_days,-9.727617837776052
Pizza,movie_babylon,-9.727617837776052
Pizza,movie_prince,-9.727617837776052
Pizza,movie_egypt,-9.727617837776052
Pizza,movie_borat,-9.727617837776052
Pizza,movie_gossip,-9.727617837776052
Pizza,movie_girl,-9.727617837776052
Pizza,movie_monty,-9.727617837776052
Pizza,movie_python,-9.727617837776052
Pizza,movie_khabi,-9.727617837776052
Pizza,movie_khushi,-9.727617837776052
Pizza,movie_gham,-9.727617837776052
Pizza,movie_reckoning,-9.727617837776052
Pizza,movie_part,-9.034470657216106
Pizza,movie_idiots,-9.727617837776052
Pizza,movie_dune,-9.034470657216106
Pizza,movie_advengers,-9.727617837776052
Pizza,movie_parasite,-9.727617837776052
Pizza,movie_come,-9.727617837776052
Pizza,movie_mind,-9.727617837776052
Pizza,movie_dont,-9.727617837776052
Pizza,movie_know,-9.727617837776052
Pizza,movie_batman,-9.727617837776052
Pizza,movie_mummy,-9.727617837776052
Pizza,movie_taxi,-9.727617837776052
Pizza,movie_driver,-9.727617837776052
Pizza,movie_wolverine,-9.727617837776052
Pizza,movie_sure,-9.727617837776052
Pizza,movie_you,-9.727617837776052
Pizza,movie_mess,-9.727617837776052
Pizza,movie_zohan,-9.727617837776052
Pizza,movie_verse,-9.034470657216106
Pizza,movie_gladiator,-9.727617837776052
Pizza,movie_bollywood,-9.727617837776052
Pizza,movie_particular,-9.727617837776052
Pizza,movie_scott,-9.034470657216106
Pizza,movie_pilgrim,-9.034470657216106
Pizza,movie_vs,-9.034470657216106
Pizza,movie_world,-8.629005549107942
Pizza,movie_son,-9.727617837776052
Pizza,movie_social,-9.034470657216106
Pizza,movie_network,-9.034470657216106
Pizza,movie_documenary,-9.727617837776052
Pizza,movie_chef,-9.034470657216106
Pizza,movie_minions,-9.727617837776052
Pizza,movie_sick,-9.727617837776052
Pizza,movie_jurassic,-9.727617837776052
Pizza,movie_park,-9.727617837776052
Pizza,movie_avenger,-9.727617837776052
Pizza,movie_arcane,-9.727617837776052
Pizza,movie_bahen,-9.727617837776052
Pizza,movie_legend,-9.727617837776052
Pizza,movie_shawama,-9.727617837776052
Pizza,movie_forest,-9.727617837776052
Pizza,movie_gump,-9.727617837776052
Pizza,movie_john,-9.727617837776052
Pizza,movie_wick,-9.727617837776052
Pizza,movie_shawarma,-9.727617837776052
Pizza,movie_good,-9.727617837776052
Pizza,movie_will,-9.727617837776052
Pizza,movie_hunting,-9.727617837776052
Pizza,movie_fight,-9.034470657216106
Pizza,movie_club,-9.034470657216106
Pizza,movie_bowl,-9.727617837776052
Pizza,movie_drive,-9.727617837776052
Pizza,movie_lion,-9.034470657216106
Pizza,movie_captain,-9.034470657216106
Pizza,movie_america,-9.034470657216106
Pizza,movie_spirited,-9.727617837776052
Pizza,movie_away,-9.727617837776052
Pizza,movie_japanese,-9.727617837776052
Pizza,movie_cartoon,-9.727617837776052
Pizza,movie_johnny,-9.727617837776052
Pizza,movie_english,-9.727617837776052
Pizza,movie_karate,-9.034470657216106
Pizza,movie_kid,-8.34132347665616
Pizza,movie_drange,-9.727617837776052
Pizza,movie_kung,-9.727617837776052
Pizza,movie_fu,-9.727617837776052
Pizza,movie_jiro,-9.727617837776052
Pizza,movie_dreams,-9.727617837776052
Pizza,movie_sushi,-9.727617837776052
Pizza,movie_kill,-9.727617837776052
Pizza,movie_bill,-9.727617837776052
Pizza,movie_your,-9.727617837776052
Pizza,movie_name,-9.727617837776052
Pizza,movie_upon,-9.727617837776052
Pizza,movie_time,-9.727617837776052
Pizza,movie_hollywood,-9.727617837776052
Pizza,movie_shark,-9.727617837776052
Pizza,movie_tale,-9.727617837776052
Pizza,movie_bullet,-9.727617837776052
Pizza,movie_train,-9.727617837776052
Pizza,movie_tokyo,-9.727617837776052
Pizza,movie_isle,-9.727617837776052
Pizza,movie_dogs,-9.727617837776052
Pizza,movie_film,-9.727617837776052
Pizza,movie_doraemon,-9.727617837776052
Pizza,movie_naruto,-9.727617837776052
Pizza,movie_jaws,-9.727617837776052
Pizza,movie_end,-8.34132347665616
Pizza,movie_evangelion,-9.727617837776052
Pizza,movie_midnight,-9.727617837776052
Pizza,movie_diner,-9.727617837776052
Pizza,movie_anime,-9.727617837776052
Pizza,movie_crazy,-9.034470657216106
Pizza,movie_rich,-9.727617837776052
Pizza,movie_asians,-9.727617837776052
Pizza,movie_perfect,-9.727617837776052
Pizza,movie_storm,-9.727617837776052
Pizza,movie_pacific,-9.727617837776052
Pizza,movie_weathering,-9.727617837776052
Pizza,movie_findig,-9.727617837776052
Pizza,movie_eternal,-9.727617837776052
Pizza,movie_sunshine,-9.727617837776052
Pizza,movie_spotless,-9.727617837776052
Pizza,movie_neighbour,-9.727617837776052
Pizza,movie_totoro,-9.727617837776052
Pizza,movie_drift,-9.727617837776052
Pizza,movie_oldboy,-9.727617837776052
Pizza,movie_proposal,-9.727617837776052
Pizza,movie_rurouni,-9.727617837776052
Pizza,movie_kenshin,-9.727617837776052
Pizza,movie_gone,-9.727617837776052
Pizza,movie_hero,-9.727617837776052
Pizza,movie_academia,-9.727617837776052
Pizza,movie_2016,-9.727617837776052
Pizza,movie_深夜食堂,-9.727617837776052
Pizza,movie_ナミヤ雑貨店の奇蹟,-9.727617837776052
Pizza,movie_liz,-9.727617837776052
Pizza,movie_blue,-9.727617837776052
Pizza,movie_bird,-9.727617837776052
Pizza,movie_2001,-9.727617837776052
Pizza,movie_frozen,-9.727617837776052
Pizza,movie_seven,-9.727617837776052
Pizza,movie_samurai,-9.727617837776052
Pizza,movie_heron,-9.727617837776052
Pizza,movie_howl,-9.727617837776052
Pizza,movie_moving,-9.727617837776052
Pizza,movie_suits,-9.727617837776052
Pizza,movie_4,-9.727617837776052
Pizza,movie_ghibli,-9.727617837776052
Pizza,movie_bladerunner,-9.727617837776052
Pizza,movie_silent,-9.727617837776052
Pizza,movie_voice,-9.727617837776052
Pizza,movie_monsters,-9.034470657216106
Pizza,movie_inc,-9.034470657216106
Pizza,movie_sush,-9.727617837776052
Pizza,movie_1953,-9.727617837776052
Pizza,movie_inception,-9.034470657216106
Pizza,movie_wolf,-9.727617837776052
Pizza,movie_general,-9.727617837776052
Pizza,movie_romance,-9.727617837776052
Pizza,movie_some,-9.727617837776052
Pizza,movie_wallstreet,-9.727617837776052
Pizza,movie_godzilla,-9.727617837776052
Pizza,movie_scary,-9.727617837776052
Pizza,movie_2006,-9.727617837776052
Pizza,movie_monster,-9.034470657216106
Pizza,movie_house,-9.034470657216106
Pizza,movie_short,-9.727617837776052
Pizza,movie_mermaid,-9.727617837776052
Pizza,movie_translation,-9.727617837776052
Pizza,movie_pirates,-8.629005549107942
Pizza,movie_carribeans,-9.727617837776052
Pizza,movie_animes,-9.727617837776052
Pizza,movie_na,-9.727617837776052
Pizza,movie_spirit,-9.727617837776052
Pizza,movie_gran,-9.727617837776052
Pizza,movie_turismo,-9.727617837776052
Pizza,movie_because,-9.727617837776052
Pizza,movie_breakfast,-9.727617837776052
Pizza,movie_ponyo,-9.727617837776052
Pizza,movie_jack,-9.727617837776052
Pizza,movie_mean,-9.034470657216106
Pizza,movie_girls,-9.034470657216106
Pizza,movie_trip,-9.727617837776052
Pizza,movie_neighbor,-9.727617837776052
Pizza,movie_guess,-9.727617837776052
Pizza,movie_passengers,-9.727617837776052
Pizza,movie_madagascar,-9.727617837776052
Pizza,movie_koe,-9.727617837776052
Pizza,movie_katachi,-9.727617837776052
Pizza,movie_talented,-9.727617837776052
Pizza,movie_crayon,-9.727617837776052
Pizza,movie_shin,-9.727617837776052
Pizza,movie_chan,-9.727617837776052
Pizza,movie_memoirs,-9.727617837776052
Pizza,movie_geisha,-9.727617837776052
Pizza,movie_masterchef,-9.034470657216106
Pizza,movie_comes,-9.727617837776052
Pizza,movie_such,-9.727617837776052
Pizza,movie_as,-9.727617837776052
Pizza,movie_last,-9.727617837776052
Pizza,movie_suzume,-9.727617837776052
Pizza,movie_detective,-9.727617837776052
Pizza,movie_conan,-9.727617837776052
Pizza,movie_6,-9.727617837776052
Pizza,movie_snowpiercer,-9.727617837776052
Pizza,movie_yakuza,-9.727617837776052
Pizza,movie_wizards,-9.034470657216106
Pizza,movie_waverly,-9.034470657216106
Pizza,movie_across,-9.034470657216106
Pizza,movie_saving,-9.034470657216106
Pizza,movie_private,-9.034470657216106
Pizza,movie_ryan,-9.034470657216106
Pizza,movie_2002,-9.034470657216106
Pizza,movie_starring,-9.034470657216106
Pizza,movie_tobey,-8.629005549107942
Pizza,movie_maguire,-8.629005549107942
Pizza,movie_mr,-9.034470657216106
Pizza,movie_deeds,-9.034470657216106
Pizza,movie_bbc,-9.034470657216106
Pizza,movie_channel,-9.034470657216106
Pizza,movie_documentaries,-9.034470657216106
Pizza,movie_murder,-9.034470657216106
Pizza,movie_mystery,-9.034470657216106
Pizza,movie_super,-9.034470657216106
Pizza,movie_bros,-9.034470657216106
Pizza,movie_ritual,-9.034470657216106
Pizza,movie_breakaway,-9.034470657216106
Pizza,movie_homealone,-9.034470657216106
Pizza,movie_uncle,-9.034470657216106
Pizza,movie_grandpa,-9.034470657216106
Pizza,movie_that,-9.034470657216106
Pizza,movie_can,-9.034470657216106
Pizza,movie_shrek,-9.034470657216106
Pizza,movie_caribbean,-8.629005549107942
Pizza,movie_named,-9.034470657216106
Pizza,movie_herron,-9.034470657216106
Pizza,movie_grinch,-9.034470657216106
Pizza,movie_mufasa,-9.034470657216106
Pizza,movie_lego,-9.034470657216106
Pizza,movie_bender,-9.034470657216106
Pizza,movie_score,-9.034470657216106
Pizza,movie_italian,-8.118179925341952
Pizza,movie_job,-9.034470657216106
Pizza,movie_tnmt,-9.034470657216106
Pizza,movie_pie,-9.034470657216106
Pizza,movie_friday,-9.034470657216106
Pizza,movie_this,-9.034470657216106
Pizza,movie_gentlemen,-9.034470657216106
Pizza,movie_rattatouie,-9.034470657216106
Pizza,movie_even,-9.034470657216106
Pizza,movie_though,-9.034470657216106
Pizza,movie_there,-9.034470657216106
Pizza,movie_isnt,-9.034470657216106
Pizza,movie_happy,-9.034470657216106
Pizza,movie_gilmore,-9.034470657216106
Pizza,movie_ratatoullie,-9.034470657216106
Pizza,movie_die,-9.034470657216106
Pizza,movie_hard,-9.034470657216106
Pizza,movie_neverending,-9.034470657216106
Pizza,movie_maze,-9.034470657216106
Pizza,movie_diary,-8.629005549107942
Pizza,movie_wimpy,-8.629005549107942
Pizza,movie_rodrick,-9.034470657216106
Pizza,movie_rules,-9.034470657216106
Pizza,movie_anchorman,-9.034470657216106
Pizza,movie_friends,-8.629005549107942
Pizza,movie_terminator,-9.034470657216106
Pizza,movie_about,-8.629005549107942
Pizza,movie_men,-9.034470657216106
Pizza,movie_davinci,-9.034470657216106
Pizza,movie_code,-9.034470657216106
Pizza,movie_stupid,-9.034470657216106
Pizza,movie_hunger,-9.034470657216106
Pizza,movie_games,-9.034470657216106
Pizza,movie_luca,-9.034470657216106
Pizza,movie_wayne,-9.034470657216106
Pizza,movie_spaghetti,-9.034470657216106
Pizza,movie_sci,-9.034470657216106
Pizza,movie_fic,-9.034470657216106
Pizza,movie_type,-9.034470657216106
Pizza,movie_do,-9.034470657216106
Pizza,movie_right,-9.034470657216106
Pizza,movie_thing,-9.034470657216106
Pizza,movie_space,-9.034470657216106
Pizza,movie_jam,-9.034470657216106
Pizza,movie_spongebob,-8.629005549107942
Pizza,movie_2004,-9.034470657216106
Pizza,movie_jon,-9.034470657216106
Pizza,movie_step,-9.034470657216106
Pizza,movie_brothers,-9.034470657216106
Pizza,movie_horror,-9.034470657216106
Pizza,movie_actually,-9.727617837776052
Pizza,movie_anything,-9.727617837776052
Pizza,movie_mib,-9.727617837776052
Pizza,movie_oppenheimer,-9.727617837776052
Pizza,movie_avenegers,-9.727617837776052
Pizza,movie_pursuit,-9.727617837776052
Pizza,movie_happyness,-9.727617837776052
Pizza,movie_probably,-9.727617837776052
Pizza,movie_middle,-9.727617837776052
Pizza,movie_drishyam,-9.727617837776052
Pizza,movie_us,-9.727617837776052
Pizza,movie_east,-9.727617837776052
Pizza,movie_specifically,-9.727617837776052
Pizza,movie_shrek2,-9.727617837776052
Pizza,movie_nosferatu,-9.727617837776052
Pizza,movie_alien,-9.727617837776052
Pizza,movie_age,-9.727617837776052
Pizza,movie_ultron,-9.727617837776052
Pizza,movie_indiana,-9.727617837776052
Pizza,movie_jones,-9.727617837776052
Pizza,movie_angry,-9.727617837776052
Pizza,movie_birds,-9.727617837776052
Pizza,movie_road,-9.727617837776052
Pizza,movie_fallujah,-9.727617837776052
Pizza,movie_kingdom,-9.727617837776052
Pizza,movie_heaven,-9.727617837776052
Pizza,movie_lawrence,-9.727617837776052
Pizza,movie_arabia,-9.727617837776052
Pizza,movie_happiness,-9.727617837776052
Pizza,movie_eastern,-9.727617837776052
Pizza,movie_setting,-9.727617837776052
Pizza,movie_avangers,-9.727617837776052
Pizza,movie_coco,-9.727617837776052
Pizza,movie_11,-9.727617837776052
Pizza,movie_sep,-9.727617837776052
Pizza,movie_13,-9.727617837776052
Pizza,movie_hours,-9.727617837776052
Pizza,movie_orient,-9.727617837776052
Pizza,movie_express,-9.727617837776052
Pizza,movie_three,-9.727617837776052
Pizza,movie_shazam,-9.727617837776052
Pizza,movie_mandoob,-9.727617837776052
Pizza,movie_indian,-9.727617837776052
Pizza,movie_south,-9.727617837776052
Pizza,movie_obesity,-9.727617837776052
Pizza,movie_yeh,-9.727617837776052
Pizza,movie_jawaani,-9.727617837776052
Pizza,movie_hai,-9.727617837776052
Pizza,movie_deewani,-9.727617837776052
Pizza,movie_post,-9.727617837776052
Pizza,movie_credit,-9.727617837776052
Pizza,movie_dabba,-9.727617837776052
Pizza,movie_shawshank,-9.727617837776052
Pizza,movie_redemption,-9.727617837776052
Pizza,movie_mad,-9.727617837776052
Pizza,movie_max,-9.727617837776052
Pizza,movie_taken,-9.727617837776052
Pizza,movie_ferris,-9.727617837776052
Pizza,movie_bueller,-9.727617837776052
Pizza,movie_off,-9.727617837776052
Pizza,movie_dora,-9.727617837776052
Pizza,movie_whale,-9.727617837776052
Pizza,movie_chinese,-9.727617837776052
Pizza,movie_zodiac,-9.727617837776052
Pizza,movie_sonic,-9.727617837776052
Pizza,movie_hedgehog,-9.727617837776052
Pizza,movie_burnt,-9.727617837776052
Pizza,movie_thought,-9.727617837776052
Pizza,movie_many,-9.727617837776052
Pizza,movie_fr,-9.727617837776052
Pizza,movie_menu,-9.727617837776052
Pizza,movie_emoji,-9.727617837776052
Pizza,movie_chapter,-9.727617837776052
Pizza,movie_parabellum,-9.727617837776052
Pizza,movie_pokemon,-9.727617837776052
Pizza,movie_first,-9.727617837776052
Pizza,movie_md,-9.727617837776052
Pizza,movie_who,-9.727617837776052
Pizza,movie_am,-9.727617837776052
Pizza,movie_jackie,-9.727617837776052
Pizza,movie_kodoku,-9.727617837776052
Pizza,movie_gurume,-9.727617837776052
Pizza,movie_g,-9.727617837776052
Pizza,movie_joe,-9.727617837776052
Pizza,movie_penguins,-9.727617837776052
Pizza,movie_shrek3,-9.727617837776052
Pizza,movie_aquaman,-9.727617837776052
Pizza,movie_47,-9.727617837776052
Pizza,movie_ronin,-9.727617837776052
Pizza,movie_2021,-9.727617837776052
Pizza,movie_9,-9.727617837776052
Pizza,movie_wags,-9.727617837776052
Pizza,movie_notting,-9.727617837776052
Pizza,movie_hill,-9.727617837776052
Pizza,movie_made,-9.727617837776052
Pizza,movie_abyss,-9.727617837776052
Pizza,movie_dawn,-9.727617837776052
Pizza,movie_deep,-9.727617837776052
Pizza,movie_meitantei,-9.727617837776052
Pizza,movie_konan,-9.727617837776052
Pizza,movie_shangchi,-9.727617837776052
Pizza,movie_billions,-9.727617837776052
Pizza,movie_tv,-9.727617837776052
Pizza,movie_ip,-9.727617837776052
Pizza,movie_django,-9.727617837776052
Pizza,movie_unchained,-9.727617837776052
Pizza,movie_shang,-9.727617837776052
Pizza,movie_chi,-9.727617837776052
Pizza,movie_ten,-9.727617837776052
Pizza,movie_ii,-9.727617837776052
Pizza,movie_7,-9.727617837776052
Pizza,movie_casablanca,-9.727617837776052
Pizza,movie_rim,-9.727617837776052
Pizza,movie_busan,-9.727617837776052
Pizza,movie_shogun,-9.727617837776052
Pizza,movie_room,-9.727617837776052
Pizza,movie_fallen,-9.727617837776052
Pizza,movie_angels,-9.727617837776052
Pizza,movie_shanghai,-9.727617837776052
Pizza,movie_noon,-9.727617837776052
Pizza,movie_piece,-9.727617837776052
Pizza,movie_turning,-9.727617837776052
Pizza,movie_red,-9.727617837776052
Pizza,movie_blade,-9.727617837776052
Pizza,movie_lucy,-9.727617837776052
Pizza,movie_mulan,-9.727617837776052
Pizza,movie_intern,-9.727617837776052
Pizza,movie_meg,-9.727617837776052
Pizza,movie_2018,-9.727617837776052
Pizza,movie_series,-9.727617837776052
Pizza,movie_ultraman,-9.727617837776052
Pizza,movie_rising,-9.727617837776052
Pizza,movie_pearl,-9.727617837776052
Pizza,movie_harbour,-9.727617837776052
Pizza,movie_2005,-9.727617837776052
Pizza,movie_memory,-9.727617837776052
Pizza,movie_city,-9.727617837776052
Pizza,movie_hunter,-9.727617837776052
Pizza,movie_alita,-9.727617837776052
Pizza,movie_warrior,-9.727617837776052
Pizza,movie_haikyu,-9.727617837776052
Pizza,movie_next,-9.727617837776052
Pizza,movie_door,-9.727617837776052
Pizza,movie_heretic,-9.727617837776052
Pizza,movie_shinchan,-9.727617837776052
Pizza,movie_side,-9.727617837776052
Pizza,movie_chandni,-9.727617837776052
Pizza,movie_chowk,-9.727617837776052
Pizza,movie_china,-9.727617837776052
Pizza,movie_dinner,-9.727617837776052
Pizza,movie_but,-9.727617837776052
Pizza,movie_japan,-9.727617837776052
Pizza,movie_came,-9.727617837776052
Pizza,movie_kiki,-9.727617837776052
Pizza,movie_delivery,-9.727617837776052
Pizza,movie_service,-9.727617837776052
Pizza,movie_romantic,-9.727617837776052
Pizza,movie_gold,-9.727617837776052
Shawarma,complexity,-2.314024220954014
Shawarma,ingredients,-1.4929080082165243
Shawarma,weekday_lunch,-3.561712467535317
Shawarma,weekday_dinner,-4.030142532333622
Shawarma,weekend_lunch,-3.826047175990107
Shawarma,weekend_dinner,-4.324133773978668
Shawarma,party,-5.292384244783534
Shawarma,late_night,-4.604808109273044
Shawarma,price,-1.1158590908512238
Shawarma,drink_coca cola,-4.864940229956594
Shawarma,drink_water,-4.963880177811498
Shawarma,drink_other,-5.337846618860292
Shawarma,drink_soda,-5.259594421960543
Shawarma,parents,-4.857719981983108
Shawarma,siblings,-4.829349284853892
Shawarma,friends,-3.8441589259331534
Shawarma,teachers,-6.534097377092317
Shawarma,strangers,-4.403122185297298
Shawarma,hot_sauce,-2.506687366591014
Shawarma,movie_cloudy,-9.099046734553854
Shawarma,movie_with,-8.1827560026797
Shawarma,movie_a,-7.712752373433963
Shawarma,movie_chance,-9.099046734553854
Shawarma,movie_of,-6.614140084765854
Shawarma,movie_meatballs,-9.099046734553854
Shawarma,movie_all,-9.792193915113799
Shawarma,movie_sort,-9.792193915113799
Shawarma,movie_american,-9.792193915113799
Shawarma,movie_young,-9.792193915113799
Shawarma,movie_boy,-9.792193915113799
Shawarma,movie_movies,-7.846283766058486
Shawarma,movie_action,-8.69358162644569
Shawarma,movie_movie,-6.796461641559809
Shawarma,movie_mamma,-9.792193915113799
Shawarma,movie_mia,-9.792193915113799
Shawarma,movie_none,-6.054524296830431
Shawarma,movie_dragon,-9.099046734553854
Shawarma,movie_rick,-9.792193915113799
Shawarma,movie_and,-8.1827560026797
Shawarma,movie_morty,-9.792193915113799
Shawarma,movie_home,-9.792193915113799
Shawarma,movie_alone,-9.792193915113799
Shawarma,movie_the,-4.604808109273044
Shawarma,movie_big,-9.099046734553854
Shawarma,movie_lebowski,-9.792193915113799
Shawarma,movie_spider,-8.69358162644569
Shawarma,movie_man,-8.405899553993908
Shawarma,movie_2,-8.405899553993908
Shawarma,movie_goodfellas,-9.792193915113799
Shawarma,movie_goofy,-9.792193915113799
Shawarma,movie_disney,-9.792193915113799
Shawarma,movie_dead,-9.099046734553854
Shawarma,movie_silence,-9.792193915113799
Shawarma,movie_la,-9.792193915113799
Shawarma,movie_land,-9.792193915113799
Shawarma,movie_harry,-9.099046734553854
Shawarma,movie_potter,-9.099046734553854
Shawarma,movie_philosopher,-9.792193915113799
Shawarma,movie_s,-8.69358162644569
Shawarma,movie_stone,-9.792193915113799
Shawarma,movie_transformer,-9.792193915113799
Shawarma,movie_ninja,-9.099046734553854
Shawarma,movie_turtles,-9.792193915113799
Shawarma,movie_high,-9.792193915113799
Shawarma,movie_school,-9.792193915113799
Shawarma,movie_musical,-9.792193915113799
Shawarma,movie_3,-8.1827560026797
Shawarma,movie_despicable,-9.792193915113799
Shawarma,movie_me,-9.792193915113799
Shawarma,movie_teenage,-9.792193915113799
Shawarma,movie_mutant,-9.792193915113799
Shawarma,movie_toy,-9.792193915113799
Shawarma,movie_story,-9.792193915113799
Shawarma,movie_godfather,-9.792193915113799
Shawarma,movie_spiderman,-8.405899553993908
Shawarma,movie_pizza,-9.792193915113799
Shawarma,movie_fast,-8.405899553993908
Shawarma,movie_furious,-8.405899553993908
Shawarma,movie_garfield,-9.792193915113799
Shawarma,movie_no,-7.846283766058486
Shawarma,movie_way,-9.792193915113799
Shawarma,movie_ratatouille,-7.712752373433963
Shawarma,movie_five,-9.792193915113799
Shawarma,movie_nights,-9.099046734553854
Shawarma,movie_at,-9.792193915113799
Shawarma,movie_freddies,-9.792193915113799
Shawarma,movie_other,-6.181276002469575
Shawarma,movie_back,-9.792193915113799
Shawarma,movie_to,-8.000434445885745
Shawarma,movie_future,-9.792193915113799
Shawarma,movie_mystic,-9.792193915113799
Shawarma,movie_futurama,-9.792193915113799
Shawarma,movie_iron,-8.69358162644569
Shawarma,movie_i,-7.15313658549854
Shawarma,movie_life,-9.792193915113799
Shawarma,movie_pi,-9.792193915113799
Shawarma,movie_avengers,-4.38502214365368
Shawarma,movie_any,-8.69358162644569
Shawarma,movie_king,-8.69358162644569
Shawarma,movie_kong,-9.792193915113799
Shawarma,movie_marvel,-8.405899553993908
Shawarma,movie_grown,-9.792193915113799
Shawarma,movie_ups,-9.792193915113799
Shawarma,movie_n,-9.099046734553854
Shawarma,movie_don,-7.846283766058486
Shawarma,movie_t,-7.712752373433963
Shawarma,movie_watch,-9.099046734553854
Shawarma,movie_lot,-9.099046734553854
Shawarma,movie_deadpool,-7.394298642315428
Shawarma,movie_meatball,-9.792193915113799
Shawarma,movie_whiplash,-9.792193915113799
Shawarma,movie_inside,-9.792193915113799
Shawarma,movie_out,-9.792193915113799
Shawarma,movie_superbad,-9.099046734553854
Shawarma,movie_stranger,-9.792193915113799
Shawarma,movie_things,-9.792193915113799
Shawarma,movie_2012,-7.394298642315428
Shawarma,movie_air,-9.792193915113799
Shawarma,movie_bud,-9.792193915113799
Shawarma,movie_quiet,-9.792193915113799
Shawarma,movie_place,-9.792193915113799
Shawarma,movie_day,-9.099046734553854
Shawarma,movie_one,-9.099046734553854
Shawarma,movie_2024,-9.792193915113799
Shawarma,movie_finding,-9.792193915113799
Shawarma,movie_nemo,-9.792193915113799
Shawarma,movie_endgame,-8.1827560026797
Shawarma,movie_my,-9.792193915113799
Shawarma,movie_cousin,-9.792193915113799
Shawarma,movie_vinny,-9.792193915113799
Shawarma,movie_eat,-9.099046734553854
Shawarma,movie_pray,-9.792193915113799
Shawarma,movie_love,-9.792193915113799
Shawarma,movie_freddy,-9.792193915113799
Shawarma,movie_comedy,-9.099046734553854
Shawarma,movie_star,-8.405899553993908
Shawarma,movie_wars,-8.1827560026797
Shawarma,movie_turtle,-9.099046734553854
Shawarma,movie_dark,-9.099046734553854
Shawarma,movie_knight,-9.099046734553854
Shawarma,movie_lost,-9.792193915113799
Shawarma,movie_in,-8.405899553993908
Shawarma,movie_new,-9.792193915113799
Shawarma,movie_york,-9.792193915113799
Shawarma,movie_pulp,-9.099046734553854
Shawarma,movie_fiction,-9.099046734553854
Shawarma,movie_truman,-9.792193915113799
Shawarma,movie_show,-9.792193915113799
Shawarma,movie_think,-7.712752373433963
Shawarma,movie_breaking,-9.099046734553854
Shawarma,movie_bad,-8.69358162644569
Shawarma,movie_interstellar,-8.69358162644569
Shawarma,movie_rush,-8.405899553993908
Shawarma,movie_hour,-8.405899553993908
Shawarma,movie_scooby,-9.792193915113799
Shawarma,movie_doo,-9.792193915113799
Shawarma,movie_princess,-9.792193915113799
Shawarma,movie_diaries,-9.792193915113799
Shawarma,movie_apology,-9.792193915113799
Shawarma,movie_scene,-9.099046734553854
Shawarma,movie_wall,-9.792193915113799
Shawarma,movie_e,-9.792193915113799
Shawarma,movie_spy,-9.792193915113799
Shawarma,movie_kids,-9.792193915113799
Shawarma,movie_3d,-9.792193915113799
Shawarma,movie_squid,-8.69358162644569
Shawarma,movie_game,-8.69358162644569
Shawarma,movie_running,-9.792193915113799
Shawarma,movie_recep,-9.792193915113799
Shawarma,movie_ivedik,-9.792193915113799
Shawarma,movie_venom,-9.792193915113799
Shawarma,movie_moneyball,-9.792193915113799
Shawarma,movie_1,-8.1827560026797
Shawarma,movie_coraline,-9.792193915113799
Shawarma,movie_if,-9.792193915113799
Shawarma,movie_james,-9.792193915113799
Shawarma,movie_bond,-9.792193915113799
Shawarma,movie_007,-9.792193915113799
Shawarma,movie_sam,-9.792193915113799
Shawarma,movie_raimi,-9.792193915113799
Shawarma,movie_carry,-9.792193915113799
Shawarma,movie_on,-9.099046734553854
Shawarma,movie_set,-9.792193915113799
Shawarma,movie_it,-9.792193915113799
Shawarma,movie_up,-9.792193915113799
Shawarma,movie_green,-9.099046734553854
Shawarma,movie_book,-9.099046734553854
Shawarma,movie_cars,-9.099046734553854
Shawarma,movie_relaxing,-9.792193915113799
Shawarma,movie_zootopia,-9.792193915113799
Shawarma,movie_honestly,-9.792193915113799
Shawarma,movie_is,-9.792193915113799
Shawarma,movie_food,-9.099046734553854
Shawarma,movie_mario,-9.792193915113799
Shawarma,movie_30,-9.792193915113799
Shawarma,movie_minutes,-9.792193915113799
Shawarma,movie_or,-9.792193915113799
Shawarma,movie_less,-9.792193915113799
Shawarma,movie_21,-9.099046734553854
Shawarma,movie_jump,-9.099046734553854
Shawarma,movie_street,-9.099046734553854
Shawarma,movie_free,-9.792193915113799
Shawarma,movie_guy,-8.69358162644569
Shawarma,movie_poter,-9.792193915113799
Shawarma,movie_soul,-9.792193915113799
Shawarma,movie_idk,-8.405899553993908
Shawarma,movie_beautiful,-9.792193915113799
Shawarma,movie_wicked,-9.099046734553854
Shawarma,movie_harold,-9.099046734553854
Shawarma,movie_kumar,-9.099046734553854
Shawarma,movie_go,-9.792193915113799
Shawarma,movie_white,-9.792193915113799
Shawarma,movie_castle,-9.792193915113799
Shawarma,movie_lord,-9.099046734553854
Shawarma,movie_rings,-9.099046734553854
Shawarma,movie_something,-9.099046734553854
Shawarma,movie_fun,-9.792193915113799
Shawarma,movie_like,-9.792193915113799
Shawarma,movie_hangover,-9.099046734553854
Shawarma,movie_not,-8.405899553993908
Shawarma,movie_little,-9.792193915113799
Shawarma,movie_italy,-9.792193915113799
Shawarma,movie_everything,-9.792193915113799
Shawarma,movie_everywhere,-9.792193915113799
Shawarma,movie_once,-9.792193915113799
Shawarma,movie_barbie,-8.69358162644569
Shawarma,movie_hitman,-9.792193915113799
Shawarma,movie_liquorice,-9.792193915113799
Shawarma,movie_dictator,-6.958980571057583
Shawarma,movie_nothing,-8.405899553993908
Shawarma,movie_anjaana,-9.099046734553854
Shawarma,movie_anjaani,-9.099046734553854
Shawarma,movie_hawkeye,-9.099046734553854
Shawarma,movie_argo,-9.099046734553854
Shawarma,movie_transformers,-9.099046734553854
Shawarma,movie_aladdin,-6.901822157217635
Shawarma,movie_invisible,-9.099046734553854
Shawarma,movie_guest,-9.099046734553854
Shawarma,movie_titanic,-9.099046734553854
Shawarma,movie_1001,-9.099046734553854
Shawarma,movie_dangal,-8.1827560026797
Shawarma,movie_into,-9.099046734553854
Shawarma,movie_spiderverse,-9.099046734553854
Shawarma,movie_slumdog,-8.69358162644569
Shawarma,movie_millionaire,-8.69358162644569
Shawarma,movie_cleopatra,-9.099046734553854
Shawarma,movie_kite,-8.405899553993908
Shawarma,movie_runner,-8.405899553993908
Shawarma,movie_boys,-8.69358162644569
Shawarma,movie_mission,-8.1827560026797
Shawarma,movie_impossible,-8.1827560026797
Shawarma,movie_black,-8.69358162644569
Shawarma,movie_hawk,-8.69358162644569
Shawarma,movie_down,-8.69358162644569
Shawarma,movie_kungfu,-9.099046734553854
Shawarma,movie_panda,-8.69358162644569
Shawarma,movie_alladin,-8.69358162644569
Shawarma,movie_how,-8.69358162644569
Shawarma,movie_lose,-8.69358162644569
Shawarma,movie_10,-8.69358162644569
Shawarma,movie_days,-8.69358162644569
Shawarma,movie_babylon,-8.69358162644569
Shawarma,movie_prince,-8.69358162644569
Shawarma,movie_egypt,-8.69358162644569
Shawarma,movie_borat,-7.594969337777579
Shawarma,movie_gossip,-9.099046734553854
Shawarma,movie_girl,-9.099046734553854
Shawarma,movie_monty,-9.099046734553854
Shawarma,movie_python,-9.099046734553854
Shawarma,movie_khabi,-8.69358162644569
Shawarma,movie_khushi,-9.099046734553854
Shawarma,movie_gham,-9.099046734553854
Shawarma,movie_reckoning,-9.099046734553854
Shawarma,movie_part,-9.099046734553854
Shawarma,movie_idiots,-8.1827560026797
Shawarma,movie_dune,-8.69358162644569
Shawarma,movie_advengers,-9.099046734553854
Shawarma,movie_parasite,-9.099046734553854
Shawarma,movie_come,-9.099046734553854
Shawarma,movie_mind,-8.69358162644569
Shawarma,movie_dont,-8.405899553993908
Shawarma,movie_know,-8.405899553993908
Shawarma,movie_batman,-9.099046734553854
Shawarma,movie_mummy,-8.69358162644569
Shawarma,movie_taxi,-8.69358162644569
Shawarma,movie_driver,-8.69358162644569
Shawarma,movie_wolverine,-7.846283766058486
Shawarma,movie_sure,-8.69358162644569
Shawarma,movie_you,-8.69358162644569
Shawarma,movie_mess,-8.69358162644569
Shawarma,movie_zohan,-8.69358162644569
Shawarma,movie_verse,-9.099046734553854
Shawarma,movie_gladiator,-8.69358162644569
Shawarma,movie_bollywood,-8.69358162644569
Shawarma,movie_particular,-9.099046734553854
Shawarma,movie_scott,-8.69358162644569
Shawarma,movie_pilgrim,-8.69358162644569
Shawarma,movie_vs,-8.69358162644569
Shawarma,movie_world,-9.099046734553854
Shawarma,movie_son,-9.099046734553854
Shawarma,movie_social,-9.099046734553854
Shawarma,movie_network,-9.099046734553854
Shawarma,movie_documenary,-9.099046734553854
Shawarma,movie_chef,-8.69358162644569
Shawarma,movie_minions,-9.099046734553854
Shawarma,movie_sick,-9.099046734553854
Shawarma,movie_jurassic,-9.099046734553854
Shawarma,movie_park,-8.69358162644569
Shawarma,movie_avenger,-8.69358162644569
Shawarma,movie_arcane,-9.099046734553854
Shawarma,movie_bahen,-9.099046734553854
Shawarma,movie_legend,-8.69358162644569
Shawarma,movie_shawama,-9.099046734553854
Shawarma,movie_forest,-9.099046734553854
Shawarma,movie_gump,-9.099046734553854
Shawarma,movie_john,-8.69358162644569
Shawarma,movie_wick,-8.69358162644569
Shawarma,movie_shawarma,-8.69358162644569
Shawarma,movie_good,-9.099046734553854
Shawarma,movie_will,-9.099046734553854
Shawarma,movie_hunting,-9.099046734553854
Shawarma,movie_fight,-9.099046734553854
Shawarma,movie_club,-9.099046734553854
Shawarma,movie_bowl,-9.099046734553854
Shawarma,movie_drive,-9.099046734553854
Shawarma,movie_lion,-8.69358162644569
Shawarma,movie_captain,-9.099046734553854
Shawarma,movie_america,-9.099046734553854
Shawarma,movie_spirited,-9.792193915113799
Shawarma,movie_away,-9.792193915113799
Shawarma,movie_japanese,-9.792193915113799
Shawarma,movie_cartoon,-9.792193915113799
Shawarma,movie_johnny,-9.792193915113799
Shawarma,movie_english,-9.792193915113799
Shawarma,movie_karate,-9.792193915113799
Shawarma,movie_kid,-9.792193915113799
Shawarma,movie_drange,-9.792193915113799
Shawarma,movie_kung,-9.099046734553854
Shawarma,movie_fu,-9.099046734553854
Shawarma,movie_jiro,-9.792193915113799
Shawarma,movie_dreams,-9.792193915113799
Shawarma,movie_sushi,-9.792193915113799
Shawarma,movie_kill,-9.792193915113799
Shawarma,movie_bill,-9.792193915113799
Shawarma,movie_your,-9.792193915113799
Shawarma,movie_name,-9.792193915113799
Shawarma,movie_upon,-9.792193915113799
Shawarma,movie_time,-9.099046734553854
Shawarma,movie_hollywood,-9.792193915113799
Shawarma,movie_shark,-9.792193915113799
Shawarma,movie_tale,-9.792193915113799
Shawarma,movie_bullet,-9.792193915113799
Shawarma,movie_train,-9.792193915113799
Shawarma,movie_tokyo,-9.792193915113799
Shawarma,movie_isle,-9.792193915113799
Shawarma,movie_dogs,-9.792193915113799
Shawarma,movie_film,-9.792193915113799
Shawarma,movie_doraemon,-9.792193915113799
Shawarma,movie_naruto,-9.792193915113799
Shawarma,movie_jaws,-9.792193915113799
Shawarma,movie_end,-9.099046734553854
Shawarma,movie_evangelion,-9.792193915113799
Shawarma,movie_midnight,-9.792193915113799
Shawarma,movie_diner,-9.792193915113799
Shawarma,movie_anime,-9.099046734553854
Shawarma,movie_crazy,-9.792193915113799
Shawarma,movie_rich,-9.792193915113799
Shawarma,movie_asians,-9.792193915113799
Shawarma,movie_perfect,-9.792193915113799
Shawarma,movie_storm,-9.792193915113799
Shawarma,movie_pacific,-9.792193915113799
Shawarma,movie_weathering,-9.792193915113799
Shawarma,movie_findig,-9.792193915113799
Shawarma,movie_eternal,-9.792193915113799
Shawarma,movie_sunshine,-9.792193915113799
Shawarma,movie_spotless,-9.792193915113799
Shawarma,movie_neighbour,-9.792193915113799
Shawarma,movie_totoro,-9.792193915113799
Shawarma,movie_drift,-9.792193915113799
Shawarma,movie_oldboy,-9.792193915113799
Shawarma,movie_proposal,-9.792193915113799
Shawarma,movie_rurouni,-9.792193915113799
Shawarma,movie_kenshin,-9.792193915113799
Shawarma,movie_gone,-9.792193915113799
Shawarma,movie_hero,-9.792193915113799
Shawarma,movie_academia,-9.792193915113799
Shawarma,movie_2016,-9.792193915113799
Shawarma,movie_深夜食堂,-9.792193915113799
Shawarma,movie_ナミヤ雑貨店の奇蹟,-9.792193915113799
Shawarma,movie_liz,-9.792193915113799
Shawarma,movie_blue,-9.792193915113799
Shawarma,movie_bird,-9.792193915113799
Shawarma,movie_2001,-9.792193915113799
Shawarma,movie_frozen,-9.792193915113799
Shawarma,movie_seven,-9.792193915113799
Shawarma,movie_samurai,-9.792193915113799
Shawarma,movie_heron,-9.792193915113799
Shawarma,movie_howl,-9.792193915113799
Shawarma,movie_moving,-9.792193915113799
Shawarma,movie_suits,-9.792193915113799
Shawarma,movie_4,-9.792193915113799
Shawarma,movie_ghibli,-9.792193915113799
Shawarma,movie_bladerunner,-9.792193915113799
Shawarma,movie_silent,-9.792193915113799
Shawarma,movie_voice,-9.792193915113799
Shawarma,movie_monsters,-9.792193915113799
Shawarma,movie_inc,-9.792193915113799
Shawarma,movie_sush,-9.792193915113799
Shawarma,movie_1953,-9.792193915113799
Shawarma,movie_inception,-9.792193915113799
Shawarma,movie_wolf,-9.792193915113799
Shawarma,movie_general,-9.792193915113799
Shawarma,movie_romance,-9.792193915113799
Shawarma,movie_some,-9.099046734553854
Shawarma,movie_wallstreet,-9.792193915113799
Shawarma,movie_godzilla,-9.792193915113799
Shawarma,movie_scary,-9.792193915113799
Shawarma,movie_2006,-9.792193915113799
Shawarma,movie_monster,-9.792193915113799
Shawarma,movie_house,-9.792193915113799
Shawarma,movie_short,-9.792193915113799
Shawarma,movie_mermaid,-9.792193915113799
Shawarma,movie_translation,-9.792193915113799
Shawarma,movie_pirates,-9.792193915113799
Shawarma,movie_carribeans,-9.792193915113799
Shawarma,movie_animes,-9.792193915113799
Shawarma,movie_na,-9.792193915113799
Shawarma,movie_spirit,-9.792193915113799
Shawarma,movie_gran,-9.792193915113799
Shawarma,movie_turismo,-9.792193915113799
Shawarma,movie_because,-9.792193915113799
Shawarma,movie_breakfast,-9.792193915113799
Shawarma,movie_ponyo,-9.792193915113799
Shawarma,movie_jack,-9.792193915113799
Shawarma,movie_mean,-9.792193915113799
Shawarma,movie_girls,-9.792193915113799
Shawarma,movie_trip,-9.792193915113799
Shawarma,movie_neighbor,-9.792193915113799
Shawarma,movie_guess,-9.792193915113799
Shawarma,movie_passengers,-9.792193915113799
Shawarma,movie_madagascar,-9.099046734553854
Shawarma,movie_koe,-9.792193915113799
Shawarma,movie_katachi,-9.792193915113799
Shawarma,movie_talented,-9.792193915113799
Shawarma,movie_crayon,-9.792193915113799
Shawarma,movie_shin,-9.792193915113799
Shawarma,movie_chan,-9.792193915113799
Shawarma,movie_memoirs,-9.792193915113799
Shawarma,movie_geisha,-9.792193915113799
Shawarma,movie_masterchef,-9.792193915113799
Shawarma,movie_comes,-9.099046734553854
Shawarma,movie_such,-9.792193915113799
Shawarma,movie_as,-9.792193915113799
Shawarma,movie_last,-9.792193915113799
Shawarma,movie_suzume,-9.792193915113799
Shawarma,movie_detective,-9.792193915113799
Shawarma,movie_conan,-9.792193915113799
Shawarma,movie_6,-9.792193915113799
Shawarma,movie_snowpiercer,-9.792193915113799
Shawarma,movie_yakuza,-9.792193915113799
Shawarma,movie_wizards,-9.792193915113799
Shawarma,movie_waverly,-9.792193915113799
Shawarma,movie_across,-9.792193915113799
Shawarma,movie_saving,-9.792193915113799
Shawarma,movie_private,-9.792193915113799
Shawarma,movie_ryan,-9.792193915113799
Shawarma,movie_2002,-9.792193915113799
Shawarma,movie_starring,-9.792193915113799
Shawarma,movie_tobey,-9.792193915113799
Shawarma,movie_maguire,-9.792193915113799
Shawarma,movie_mr,-9.792193915113799
Shawarma,movie_deeds,-9.792193915113799
Shawarma,movie_bbc,-9.792193915113799
Shawarma,movie_channel,-9.792193915113799
Shawarma,movie_documentaries,-9.792193915113799
Shawarma,movie_murder,-9.099046734553854
Shawarma,movie_mystery,-9.792193915113799
Shawarma,movie_super,-9.792193915113799
Shawarma,movie_bros,-9.792193915113799
Shawarma,movie_ritual,-9.792193915113799
Shawarma,movie_breakaway,-9.792193915113799
Shawarma,movie_homealone,-9.792193915113799
Shawarma,movie_uncle,-9.792193915113799
Shawarma,movie_grandpa,-9.792193915113799
Shawarma,movie_that,-9.792193915113799
Shawarma,movie_can,-8.69358162644569
Shawarma,movie_shrek,-9.099046734553854
Shawarma,movie_caribbean,-9.792193915113799
Shawarma,movie_named,-9.099046734553854
Shawarma,movie_herron,-9.792193915113799
Shawarma,movie_grinch,-9.099046734553854
Shawarma,movie_mufasa,-9.792193915113799
Shawarma,movie_lego,-9.792193915113799
Shawarma,movie_bender,-9.792193915113799
Shawarma,movie_score,-9.792193915113799
Shawarma,movie_italian,-9.792193915113799
Shawarma,movie_job,-9.792193915113799
Shawarma,movie_tnmt,-9.792193915113799
Shawarma,movie_pie,-9.792193915113799
Shawarma,movie_friday,-9.792193915113799
Shawarma,movie_this,-9.792193915113799
Shawarma,movie_gentlemen,-9.792193915113799
Shawarma,movie_rattatouie,-9.792193915113799
Shawarma,movie_even,-9.792193915113799
Shawarma,movie_though,-9.792193915113799
Shawarma,movie_there,-9.792193915113799
Shawarma,movie_isnt,-9.792193915113799
Shawarma,movie_happy,-9.792193915113799
Shawarma,movie_gilmore,-9.792193915113799
Shawarma,movie_ratatoullie,-9.792193915113799
Shawarma,movie_die,-9.792193915113799
Shawarma,movie_hard,-9.792193915113799
Shawarma,movie_neverending,-9.792193915113799
Shawarma,movie_maze,-9.792193915113799
Shawarma,movie_diary,-9.792193915113799
Shawarma,movie_wimpy,-9.792193915113799
Shawarma,movie_rodrick,-9.792193915113799
Shawarma,movie_rules,-9.792193915113799
Shawarma,movie_anchorman,-9.792193915113799
Shawarma,movie_friends,-9.792193915113799
Shawarma,movie_terminator,-9.792193915113799
Shawarma,movie_about,-9.792193915113799
Shawarma,movie_men,-9.792193915113799
Shawarma,movie_davinci,-9.792193915113799
Shawarma,movie_code,-9.792193915113799
Shawarma,movie_stupid,-9.792193915113799
Shawarma,movie_hunger,-9.792193915113799
Shawarma,movie_games,-9.792193915113799
Shawarma,movie_luca,-9.792193915113799
Shawarma,movie_wayne,-9.792193915113799
Shawarma,movie_spaghetti,-9.792193915113799
Shawarma,movie_sci,-9.099046734553854
Shawarma,movie_fic,-9.099046734553854
Shawarma,movie_type,-9.792193915113799
Shawarma,movie_do,-9.792193915113799
Shawarma,movie_right,-9.792193915113799
Shawarma,movie_thing,-9.792193915113799
Shawarma,movie_space,-9.792193915113799
Shawarma,movie_jam,-9.792193915113799
Shawarma,movie_spongebob,-9.792193915113799
Shawarma,movie_2004,-9.792193915113799
Shawarma,movie_jon,-9.792193915113799
Shawarma,movie_step,-9.792193915113799
Shawarma,movie_brothers,-9.792193915113799
Shawarma,movie_horror,-9.792193915113799
Shawarma,movie_actually,-9.099046734553854
Shawarma,movie_anything,-8.69358162644569
Shawarma,movie_mib,-9.099046734553854
Shawarma,movie_oppenheimer,-9.099046734553854
Shawarma,movie_avenegers,-9.099046734553854
Shawarma,movie_pursuit,-9.099046734553854
Shawarma,movie_happyness,-9.099046734553854
Shawarma,movie_probably,-8.69358162644569
Shawarma,movie_middle,-8.000434445885745
Shawarma,movie_drishyam,-9.099046734553854
Shawarma,movie_us,-9.099046734553854
Shawarma,movie_east,-9.099046734553854
Shawarma,movie_specifically,-9.099046734553854
Shawarma,movie_shrek2,-9.099046734553854
Shawarma,movie_nosferatu,-9.099046734553854
Shawarma,movie_alien,-9.099046734553854
Shawarma,movie_age,-9.099046734553854
Shawarma,movie_ultron,-9.099046734553854
Shawarma,movie_indiana,-9.099046734553854
Shawarma,movie_jones,-9.099046734553854
Shawarma,movie_angry,-9.099046734553854
Shawarma,movie_birds,-9.099046734553854
Shawarma,movie_road,-9.099046734553854
Shawarma,movie_fallujah,-9.099046734553854
Shawarma,movie_kingdom,-9.099046734553854
Shawarma,movie_heaven,-9.099046734553854
Shawarma,movie_lawrence,-8.69358162644569
Shawarma,movie_arabia,-8.69358162644569
Shawarma,movie_happiness,-9.099046734553854
Shawarma,movie_eastern,-8.405899553993908
Shawarma,movie_setting,-9.099046734553854
Shawarma,movie_avangers,-9.099046734553854
Shawarma,movie_coco,-9.099046734553854
Shawarma,movie_11,-9.099046734553854
Shawarma,movie_sep,-9.099046734553854
Shawarma,movie_13,-9.099046734553854
Shawarma,movie_hours,-9.099046734553854
Shawarma,movie_orient,-9.099046734553854
Shawarma,movie_express,-9.099046734553854
Shawarma,movie_three,-9.099046734553854
Shawarma,movie_shazam,-9.099046734553854
Shawarma,movie_mandoob,-9.099046734553854
Shawarma,movie_indian,-9.099046734553854
Shawarma,movie_south,-9.099046734553854
Shawarma,movie_obesity,-9.099046734553854
Shawarma,movie_yeh,-9.099046734553854
Shawarma,movie_jawaani,-9.099046734553854
Shawarma,movie_hai,-9.099046734553854
Shawarma,movie_deewani,-9.099046734553854
Shawarma,movie_post,-9.099046734553854
Shawarma,movie_credit,-9.099046734553854
Shawarma,movie_dabba,-9.099046734553854
Shawarma,movie_shawshank,-9.099046734553854
Shawarma,movie_redemption,-9.099046734553854
Shawarma,movie_mad,-9.099046734553854
Shawarma,movie_max,-9.099046734553854
Shawarma,movie_taken,-9.099046734553854
Shawarma,movie_ferris,-9.099046734553854
Shawarma,movie_bueller,-9.099046734553854
Shawarma,movie_off,-9.099046734553854
Shawarma,movie_dora,-9.099046734553854
Shawarma,movie_whale,-9.099046734553854
Shawarma,movie_chinese,-9.099046734553854
Shawarma,movie_zodiac,-9.099046734553854
Shawarma,movie_sonic,-9.099046734553854
Shawarma,movie_hedgehog,-9.099046734553854
Shawarma,movie_burnt,-9.099046734553854
Shawarma,movie_thought,-9.099046734553854
Shawarma,movie_many,-9.792193915113799
Shawarma,movie_fr,-9.792193915113799
Shawarma,movie_menu,-9.792193915113799
Shawarma,movie_emoji,-9.792193915113799
Shawarma,movie_chapter,-9.792193915113799
Shawarma,movie_parabellum,-9.792193915113799
Shawarma,movie_pokemon,-9.792193915113799
Shawarma,movie_first,-9.792193915113799
Shawarma,movie_md,-9.792193915113799
Shawarma,movie_who,-9.792193915113799
Shawarma,movie_am,-9.792193915113799
Shawarma,movie_jackie,-9.792193915113799
Shawarma,movie_kodoku,-9.792193915113799
Shawarma,movie_gurume,-9.792193915113799
Shawarma,movie_g,-9.792193915113799
Shawarma,movie_joe,-9.792193915113799
Shawarma,movie_penguins,-9.792193915113799
Shawarma,movie_shrek3,-9.792193915113799
Shawarma,movie_aquaman,-9.792193915113799
Shawarma,movie_47,-9.792193915113799
Shawarma,movie_ronin,-9.792193915113799
Shawarma,movie_2021,-9.792193915113799
Shawarma,movie_9,-9.792193915113799
Shawarma,movie_wags,-9.792193915113799
Shawarma,movie_notting,-9.792193915113799
Shawarma,movie_hill,-9.792193915113799
Shawarma,movie_made,-9.792193915113799
Shawarma,movie_abyss,-9.792193915113799
Shawarma,movie_dawn,-9.792193915113799
Shawarma,movie_deep,-9.792193915113799
Shawarma,movie_meitantei,-9.792193915113799
Shawarma,movie_konan,-9.792193915113799
Shawarma,movie_shangchi,-9.792193915113799
Shawarma,movie_billions,-9.792193915113799
Shawarma,movie_tv,-9.792193915113799
Shawarma,movie_ip,-9.792193915113799
Shawarma,movie_django,-9.792193915113799
Shawarma,movie_unchained,-9.792193915113799
Shawarma,movie_shang,-9.792193915113799
Shawarma,movie_chi,-9.792193915113799
Shawarma,movie_ten,-9.792193915113799
Shawarma,movie_ii,-9.792193915113799
Shawarma,movie_7,-9.792193915113799
Shawarma,movie_casablanca,-9.792193915113799
Shawarma,movie_rim,-9.792193915113799
Shawarma,movie_busan,-9.792193915113799
Shawarma,movie_shogun,-9.792193915113799
Shawarma,movie_room,-9.792193915113799
Shawarma,movie_fallen,-9.792193915113799
Shawarma,movie_angels,-9.792193915113799
Shawarma,movie_shanghai,-9.792193915113799
Shawarma,movie_noon,-9.792193915113799
Shawarma,movie_piece,-9.792193915113799
Shawarma,movie_turning,-9.792193915113799
Shawarma,movie_red,-9.792193915113799
Shawarma,movie_blade,-9.792193915113799
Shawarma,movie_lucy,-9.792193915113799
Shawarma,movie_mulan,-9.792193915113799
Shawarma,movie_intern,-9.792193915113799
Shawarma,movie_meg,-9.792193915113799
Shawarma,movie_2018,-9.792193915113799
Shawarma,movie_series,-9.792193915113799
Shawarma,movie_ultraman,-9.792193915113799
Shawarma,movie_rising,-9.792193915113799
Shawarma,movie_pearl,-9.792193915113799
Shawarma,movie_harbour,-9.792193915113799
Shawarma,movie_2005,-9.792193915113799
Shawarma,movie_memory,-9.792193915113799
Shawarma,movie_city,-9.792193915113799
Shawarma,movie_hunter,-9.792193915113799
Shawarma,movie_alita,-9.792193915113799
Shawarma,movie_warrior,-9.792193915113799
Shawarma,movie_haikyu,-9.792193915113799
Shawarma,movie_next,-9.792193915113799
Shawarma,movie_door,-9.792193915113799
Shawarma,movie_heretic,-9.792193915113799
Shawarma,movie_shinchan,-9.792193915113799
Shawarma,movie_side,-9.792193915113799
Shawarma,movie_chandni,-9.792193915113799
Shawarma,movie_chowk,-9.792193915113799
Shawarma,movie_china,-9.792193915113799
Shawarma,movie_dinner,-9.792193915113799
Shawarma,movie_but,-9.792193915113799
Shawarma,movie_japan,-9.792193915113799
Shawarma,movie_came,-9.792193915113799
Shawarma,movie_kiki,-9.792193915113799
Shawarma,movie_delivery,-9.792193915113799
Shawarma,movie_service,-9.792193915113799
Shawarma,movie_romantic,-9.792193915113799
Shawarma,movie_gold,-9.792193915113799
Sushi,complexity,-2.290907904175712
Sushi,ingredients,-1.9460563127573005
Sushi,weekday_lunch,-4.078412047833629
Sushi,weekday_dinner,-3.879770044561236
Sushi,weekend_lunch,-3.981366258684157
Sushi,weekend_dinner,-3.7009358496276965
Sushi,party,-4.420633262281763
Sushi,late_night,-4.952607710540731
Sushi,price,-0.8529705630137201
Sushi,drink_coca cola,-6.426607652079726
Sushi,drink_water,-4.586058018682239
Sushi,drink_other,-4.519537336340677
Sushi,drink_soda,-8.218367121307782
Sushi,parents,-4.1894503644081365
Sushi,siblings,-4.4712187590698695
Sushi,friends,-3.8667996941186082
Sushi,teachers,-6.426607652079726
Sushi,strangers,-4.975774769822265
Sushi,hot_sauce,-3.134481365471933
Sushi,movie_cloudy,-9.134657853181936
Sushi,movie_with,-8.441510672621991
Sushi,movie_a,-7.188747704126623
Sushi,movie_chance,-9.134657853181936
Sushi,movie_of,-5.684670307350349
Sushi,movie_meatballs,-9.134657853181936
Sushi,movie_all,-9.134657853181936
Sushi,movie_sort,-9.827805033741882
Sushi,movie_american,-9.827805033741882
Sushi,movie_young,-9.827805033741882
Sushi,movie_boy,-9.134657853181936
Sushi,movie_movies,-7.748363492062046
Sushi,movie_action,-9.134657853181936
Sushi,movie_movie,-6.460509203755407
Sushi,movie_mamma,-9.827805033741882
Sushi,movie_mia,-9.827805033741882
Sushi,movie_none,-6.6497512033939365
Sushi,movie_dragon,-9.827805033741882
Sushi,movie_rick,-9.827805033741882
Sushi,movie_and,-7.525219940747836
Sushi,movie_morty,-9.827805033741882
Sushi,movie_home,-8.729192745073773
Sushi,movie_alone,-8.729192745073773
Sushi,movie_the,-5.838820987177607
Sushi,movie_big,-7.630580456405662
Sushi,movie_lebowski,-9.827805033741882
Sushi,movie_spider,-9.134657853181936
Sushi,movie_man,-8.729192745073773
Sushi,movie_2,-7.119754832639671
Sushi,movie_goodfellas,-9.827805033741882
Sushi,movie_goofy,-9.827805033741882
Sushi,movie_disney,-9.827805033741882
Sushi,movie_dead,-9.827805033741882
Sushi,movie_silence,-9.827805033741882
Sushi,movie_la,-9.827805033741882
Sushi,movie_land,-9.827805033741882
Sushi,movie_harry,-9.134657853181936
Sushi,movie_potter,-9.134657853181936
Sushi,movie_philosopher,-9.827805033741882
Sushi,movie_s,-7.881894884686568
Sushi,movie_stone,-9.827805033741882
Sushi,movie_transformer,-9.134657853181936
Sushi,movie_ninja,-9.827805033741882
Sushi,movie_turtles,-9.827805033741882
Sushi,movie_high,-9.827805033741882
Sushi,movie_school,-9.827805033741882
Sushi,movie_musical,-9.827805033741882
Sushi,movie_3,-7.748363492062046
Sushi,movie_despicable,-9.827805033741882
Sushi,movie_me,-9.827805033741882
Sushi,movie_teenage,-9.827805033741882
Sushi,movie_mutant,-9.827805033741882
Sushi,movie_toy,-9.827805033741882
Sushi,movie_story,-8.729192745073773
Sushi,movie_godfather,-9.134657853181936
Sushi,movie_spiderman,-9.134657853181936
Sushi,movie_pizza,-9.827805033741882
Sushi,movie_fast,-7.748363492062046
Sushi,movie_furious,-7.881894884686568
Sushi,movie_garfield,-9.827805033741882
Sushi,movie_no,-7.262855676280346
Sushi,movie_way,-9.827805033741882
Sushi,movie_ratatouille,-8.036045564513827
Sushi,movie_five,-9.827805033741882
Sushi,movie_nights,-9.827805033741882
Sushi,movie_at,-9.134657853181936
Sushi,movie_freddies,-9.827805033741882
Sushi,movie_other,-6.460509203755407
Sushi,movie_back,-9.827805033741882
Sushi,movie_to,-8.036045564513827
Sushi,movie_future,-9.827805033741882
Sushi,movie_mystic,-9.827805033741882
Sushi,movie_futurama,-9.827805033741882
Sushi,movie_iron,-9.827805033741882
Sushi,movie_i,-7.188747704126623
Sushi,movie_life,-9.827805033741882
Sushi,movie_pi,-9.827805033741882
Sushi,movie_avengers,-9.134657853181936
Sushi,movie_any,-8.441510672621991
Sushi,movie_king,-9.827805033741882
Sushi,movie_kong,-9.827805033741882
Sushi,movie_marvel,-9.827805033741882
Sushi,movie_grown,-9.827805033741882
Sushi,movie_ups,-9.827805033741882
Sushi,movie_n,-9.134657853181936
Sushi,movie_don,-8.441510672621991
Sushi,movie_t,-8.441510672621991
Sushi,movie_watch,-9.134657853181936
Sushi,movie_lot,-9.134657853181936
Sushi,movie_deadpool,-9.827805033741882
Sushi,movie_meatball,-9.827805033741882
Sushi,movie_whiplash,-9.827805033741882
Sushi,movie_inside,-9.827805033741882
Sushi,movie_out,-9.827805033741882
Sushi,movie_superbad,-9.827805033741882
Sushi,movie_stranger,-9.827805033741882
Sushi,movie_things,-9.827805033741882
Sushi,movie_2012,-9.827805033741882
Sushi,movie_air,-9.827805033741882
Sushi,movie_bud,-9.827805033741882
Sushi,movie_quiet,-9.827805033741882
Sushi,movie_place,-9.827805033741882
Sushi,movie_day,-9.827805033741882
Sushi,movie_one,-8.729192745073773
Sushi,movie_2024,-9.827805033741882
Sushi,movie_finding,-6.937433275845717
Sushi,movie_nemo,-6.8320727601878914
Sushi,movie_endgame,-9.827805033741882
Sushi,movie_my,-7.881894884686568
Sushi,movie_cousin,-9.827805033741882
Sushi,movie_vinny,-9.827805033741882
Sushi,movie_eat,-9.134657853181936
Sushi,movie_pray,-9.827805033741882
Sushi,movie_love,-8.729192745073773
Sushi,movie_freddy,-9.827805033741882
Sushi,movie_comedy,-9.827805033741882
Sushi,movie_star,-9.134657853181936
Sushi,movie_wars,-8.218367121307782
Sushi,movie_turtle,-9.827805033741882
Sushi,movie_dark,-9.827805033741882
Sushi,movie_knight,-9.827805033741882
Sushi,movie_lost,-8.036045564513827
Sushi,movie_in,-7.630580456405662
Sushi,movie_new,-9.827805033741882
Sushi,movie_york,-9.827805033741882
Sushi,movie_pulp,-9.827805033741882
Sushi,movie_fiction,-9.827805033741882
Sushi,movie_truman,-9.134657853181936
Sushi,movie_show,-8.729192745073773
Sushi,movie_think,-8.036045564513827
Sushi,movie_breaking,-9.134657853181936
Sushi,movie_bad,-9.134657853181936
Sushi,movie_interstellar,-9.827805033741882
Sushi,movie_rush,-6.937433275845717
Sushi,movie_hour,-6.937433275845717
Sushi,movie_scooby,-9.827805033741882
Sushi,movie_doo,-9.827805033741882
Sushi,movie_princess,-9.827805033741882
Sushi,movie_diaries,-9.827805033741882
Sushi,movie_apology,-9.827805033741882
Sushi,movie_scene,-9.827805033741882
Sushi,movie_wall,-9.134657853181936
Sushi,movie_e,-9.827805033741882
Sushi,movie_spy,-9.134657853181936
Sushi,movie_kids,-9.827805033741882
Sushi,movie_3d,-9.827805033741882
Sushi,movie_squid,-9.134657853181936
Sushi,movie_game,-9.134657853181936
Sushi,movie_running,-9.827805033741882
Sushi,movie_recep,-9.134657853181936
Sushi,movie_ivedik,-9.134657853181936
Sushi,movie_venom,-9.827805033741882
Sushi,movie_moneyball,-9.827805033741882
Sushi,movie_1,-9.827805033741882
Sushi,movie_coraline,-9.827805033741882
Sushi,movie_if,-9.827805033741882
Sushi,movie_james,-9.134657853181936
Sushi,movie_bond,-9.134657853181936
Sushi,movie_007,-9.827805033741882
Sushi,movie_sam,-9.827805033741882
Sushi,movie_raimi,-9.827805033741882
Sushi,movie_carry,-9.827805033741882
Sushi,movie_on,-9.827805033741882
Sushi,movie_set,-9.827805033741882
Sushi,movie_it,-9.134657853181936
Sushi,movie_up,-9.134657853181936
Sushi,movie_green,-9.827805033741882
Sushi,movie_book,-9.827805033741882
Sushi,movie_cars,-7.188747704126623
Sushi,movie_relaxing,-9.827805033741882
Sushi,movie_zootopia,-9.827805033741882
Sushi,movie_honestly,-9.827805033741882
Sushi,movie_is,-9.827805033741882
Sushi,movie_food,-8.218367121307782
Sushi,movie_mario,-9.827805033741882
Sushi,movie_30,-9.827805033741882
Sushi,movie_minutes,-9.827805033741882
Sushi,movie_or,-8.729192745073773
Sushi,movie_less,-9.827805033741882
Sushi,movie_21,-9.134657853181936
Sushi,movie_jump,-9.134657853181936
Sushi,movie_street,-8.729192745073773
Sushi,movie_free,-9.827805033741882
Sushi,movie_guy,-9.827805033741882
Sushi,movie_poter,-9.827805033741882
Sushi,movie_soul,-9.134657853181936
Sushi,movie_idk,-8.729192745073773
Sushi,movie_beautiful,-9.827805033741882
Sushi,movie_wicked,-9.827805033741882
Sushi,movie_harold,-9.827805033741882
Sushi,movie_kumar,-9.827805033741882
Sushi,movie_go,-9.827805033741882
Sushi,movie_white,-9.827805033741882
Sushi,movie_castle,-8.218367121307782
Sushi,movie_lord,-9.827805033741882
Sushi,movie_rings,-8.729192745073773
Sushi,movie_something,-9.827805033741882
Sushi,movie_fun,-9.827805033741882
Sushi,movie_like,-9.827805033741882
Sushi,movie_hangover,-9.827805033741882
Sushi,movie_not,-9.827805033741882
Sushi,movie_little,-8.729192745073773
Sushi,movie_italy,-9.827805033741882
Sushi,movie_everything,-9.134657853181936
Sushi,movie_everywhere,-9.134657853181936
Sushi,movie_once,-8.729192745073773
Sushi,movie_barbie,-8.729192745073773
Sushi,movie_hitman,-9.827805033741882
Sushi,movie_liquorice,-9.827805033741882
Sushi,movie_dictator,-9.827805033741882
Sushi,movie_nothing,-8.441510672621991
Sushi,movie_anjaana,-9.827805033741882
Sushi,movie_anjaani,-9.827805033741882
Sushi,movie_hawkeye,-9.827805033741882
Sushi,movie_argo,-9.827805033741882
Sushi,movie_transformers,-9.827805033741882
Sushi,movie_aladdin,-9.827805033741882
Sushi,movie_invisible,-9.827805033741882
Sushi,movie_guest,-9.827805033741882
Sushi,movie_titanic,-9.827805033741882
Sushi,movie_1001,-9.827805033741882
Sushi,movie_dangal,-9.827805033741882
Sushi,movie_into,-9.134657853181936
Sushi,movie_spiderverse,-9.134657853181936
Sushi,movie_slumdog,-9.827805033741882
Sushi,movie_millionaire,-9.827805033741882
Sushi,movie_cleopatra,-9.827805033741882
Sushi,movie_kite,-9.827805033741882
Sushi,movie_runner,-9.134657853181936
Sushi,movie_boys,-9.827805033741882
Sushi,movie_mission,-9.827805033741882
Sushi,movie_impossible,-9.827805033741882
Sushi,movie_black,-9.827805033741882
Sushi,movie_hawk,-9.827805033741882
Sushi,movie_down,-9.827805033741882
Sushi,movie_kungfu,-9.827805033741882
Sushi,movie_panda,-7.342898383953882
Sushi,movie_alladin,-9.827805033741882
Sushi,movie_how,-9.827805033741882
Sushi,movie_lose,-9.827805033741882
Sushi,movie_10,-9.827805033741882
Sushi,movie_days,-9.827805033741882
Sushi,movie_babylon,-9.827805033741882
Sushi,movie_prince,-9.827805033741882
Sushi,movie_egypt,-9.827805033741882
Sushi,movie_borat,-9.827805033741882
Sushi,movie_gossip,-9.827805033741882
Sushi,movie_girl,-8.729192745073773
Sushi,movie_monty,-9.827805033741882
Sushi,movie_python,-9.827805033741882
Sushi,movie_khabi,-9.827805033741882
Sushi,movie_khushi,-9.827805033741882
Sushi,movie_gham,-9.827805033741882
Sushi,movie_reckoning,-9.827805033741882
Sushi,movie_part,-9.827805033741882
Sushi,movie_idiots,-9.827805033741882
Sushi,movie_dune,-9.134657853181936
Sushi,movie_advengers,-9.827805033741882
Sushi,movie_parasite,-8.729192745073773
Sushi,movie_come,-9.134657853181936
Sushi,movie_mind,-8.218367121307782
Sushi,movie_dont,-9.134657853181936
Sushi,movie_know,-8.729192745073773
Sushi,movie_batman,-9.827805033741882
Sushi,movie_mummy,-9.827805033741882
Sushi,movie_taxi,-9.827805033741882
Sushi,movie_driver,-9.827805033741882
Sushi,movie_wolverine,-7.630580456405662
Sushi,movie_sure,-9.827805033741882
Sushi,movie_you,-8.729192745073773
Sushi,movie_mess,-9.827805033741882
Sushi,movie_zohan,-9.827805033741882
Sushi,movie_verse,-9.827805033741882
Sushi,movie_gladiator,-9.827805033741882
Sushi,movie_bollywood,-9.827805033741882
Sushi,movie_particular,-9.827805033741882
Sushi,movie_scott,-9.827805033741882
Sushi,movie_pilgrim,-9.827805033741882
Sushi,movie_vs,-9.827805033741882
Sushi,movie_world,-9.827805033741882
Sushi,movie_son,-9.827805033741882
Sushi,movie_social,-9.827805033741882
Sushi,movie_network,-9.827805033741882
Sushi,movie_documenary,-9.827805033741882
Sushi,movie_chef,-9.827805033741882
Sushi,movie_minions,-9.827805033741882
Sushi,movie_sick,-9.827805033741882
Sushi,movie_jurassic,-9.827805033741882
Sushi,movie_park,-9.827805033741882
Sushi,movie_avenger,-9.827805033741882
Sushi,movie_arcane,-9.827805033741882
Sushi,movie_bahen,-9.827805033741882
Sushi,movie_legend,-8.729192745073773
Sushi,movie_shawama,-9.827805033741882
Sushi,movie_forest,-9.134657853181936
Sushi,movie_gump,-9.827805033741882
Sushi,movie_john,-7.119754832639671
Sushi,movie_wick,-7.119754832639671
Sushi,movie_shawarma,-9.827805033741882
Sushi,movie_good,-9.827805033741882
Sushi,movie_will,-9.827805033741882
Sushi,movie_hunting,-9.827805033741882
Sushi,movie_fight,-9.827805033741882
Sushi,movie_club,-8.218367121307782
Sushi,movie_bowl,-9.827805033741882
Sushi,movie_drive,-9.827805033741882
Sushi,movie_lion,-9.827805033741882
Sushi,movie_captain,-9.827805033741882
Sushi,movie_america,-9.827805033741882
Sushi,movie_spirited,-6.5697084957204
Sushi,movie_away,-6.531968167737553
Sushi,movie_japanese,-7.262855676280346
Sushi,movie_cartoon,-9.134657853181936
Sushi,movie_johnny,-8.218367121307782
Sushi,movie_english,-8.218367121307782
Sushi,movie_karate,-7.630580456405662
Sushi,movie_kid,-7.630580456405662
Sushi,movie_drange,-9.134657853181936
Sushi,movie_kung,-7.342898383953882
Sushi,movie_fu,-7.342898383953882
Sushi,movie_jiro,-6.331297472275402
Sushi,movie_dreams,-6.30144450912572
Sushi,movie_sushi,-6.30144450912572
Sushi,movie_kill,-7.119754832639671
Sushi,movie_bill,-7.119754832639671
Sushi,movie_your,-6.994591689685666
Sushi,movie_name,-6.994591689685666
Sushi,movie_upon,-9.134657853181936
Sushi,movie_time,-9.134657853181936
Sushi,movie_hollywood,-9.134657853181936
Sushi,movie_shark,-8.218367121307782
Sushi,movie_tale,-8.218367121307782
Sushi,movie_bullet,-7.748363492062046
Sushi,movie_train,-7.630580456405662
Sushi,movie_tokyo,-7.0552163115021
Sushi,movie_isle,-7.630580456405662
Sushi,movie_dogs,-7.630580456405662
Sushi,movie_film,-8.729192745073773
Sushi,movie_doraemon,-8.441510672621991
Sushi,movie_naruto,-8.729192745073773
Sushi,movie_jaws,-9.134657853181936
Sushi,movie_end,-9.134657853181936
Sushi,movie_evangelion,-9.134657853181936
Sushi,movie_midnight,-8.441510672621991
Sushi,movie_diner,-8.729192745073773
Sushi,movie_anime,-7.525219940747836
Sushi,movie_crazy,-7.525219940747836
Sushi,movie_rich,-7.630580456405662
Sushi,movie_asians,-7.630580456405662
Sushi,movie_perfect,-9.134657853181936
Sushi,movie_storm,-9.134657853181936
Sushi,movie_pacific,-8.729192745073773
Sushi,movie_weathering,-8.729192745073773
Sushi,movie_findig,-9.134657853181936
Sushi,movie_eternal,-9.134657853181936
Sushi,movie_sunshine,-9.134657853181936
Sushi,movie_spotless,-9.134657853181936
Sushi,movie_neighbour,-9.134657853181936
Sushi,movie_totoro,-8.036045564513827
Sushi,movie_drift,-7.188747704126623
Sushi,movie_oldboy,-8.441510672621991
Sushi,movie_proposal,-9.134657853181936
Sushi,movie_rurouni,-9.134657853181936
Sushi,movie_kenshin,-9.134657853181936
Sushi,movie_gone,-9.134657853181936
Sushi,movie_hero,-7.748363492062046
Sushi,movie_academia,-9.134657853181936
Sushi,movie_2016,-8.441510672621991
Sushi,movie_深夜食堂,-9.134657853181936
Sushi,movie_ナミヤ雑貨店の奇蹟,-9.134657853181936
Sushi,movie_liz,-9.134657853181936
Sushi,movie_blue,-9.134657853181936
Sushi,movie_bird,-9.134657853181936
Sushi,movie_2001,-9.134657853181936
Sushi,movie_frozen,-9.134657853181936
Sushi,movie_seven,-9.134657853181936
Sushi,movie_samurai,-7.630580456405662
Sushi,movie_heron,-9.134657853181936
Sushi,movie_howl,-8.218367121307782
Sushi,movie_moving,-8.218367121307782
Sushi,movie_suits,-9.134657853181936
Sushi,movie_4,-8.441510672621991
Sushi,movie_ghibli,-8.729192745073773
Sushi,movie_bladerunner,-8.729192745073773
Sushi,movie_silent,-8.729192745073773
Sushi,movie_voice,-8.729192745073773
Sushi,movie_monsters,-6.783282596018459
Sushi,movie_inc,-6.736762580383566
Sushi,movie_sush,-9.134657853181936
Sushi,movie_1953,-9.134657853181936
Sushi,movie_inception,-8.729192745073773
Sushi,movie_wolf,-8.729192745073773
Sushi,movie_general,-9.134657853181936
Sushi,movie_romance,-9.134657853181936
Sushi,movie_some,-8.441510672621991
Sushi,movie_wallstreet,-9.134657853181936
Sushi,movie_godzilla,-7.748363492062046
Sushi,movie_scary,-8.729192745073773
Sushi,movie_2006,-9.134657853181936
Sushi,movie_monster,-8.441510672621991
Sushi,movie_house,-8.729192745073773
Sushi,movie_short,-8.441510672621991
Sushi,movie_mermaid,-9.134657853181936
Sushi,movie_translation,-8.036045564513827
Sushi,movie_pirates,-9.134657853181936
Sushi,movie_carribeans,-9.134657853181936
Sushi,movie_animes,-9.134657853181936
Sushi,movie_na,-9.134657853181936
Sushi,movie_spirit,-9.134657853181936
Sushi,movie_gran,-9.134657853181936
Sushi,movie_turismo,-9.134657853181936
Sushi,movie_because,-9.134657853181936
Sushi,movie_breakfast,-8.218367121307782
Sushi,movie_ponyo,-8.441510672621991
Sushi,movie_jack,-9.134657853181936
Sushi,movie_mean,-9.134657853181936
Sushi,movie_girls,-9.134657853181936
Sushi,movie_trip,-9.134657853181936
Sushi,movie_neighbor,-8.441510672621991
Sushi,movie_guess,-9.134657853181936
Sushi,movie_passengers,-9.134657853181936
Sushi,movie_madagascar,-7.525219940747836
Sushi,movie_koe,-9.134657853181936
Sushi,movie_katachi,-9.134657853181936
Sushi,movie_talented,-9.134657853181936
Sushi,movie_crayon,-8.729192745073773
Sushi,movie_shin,-9.134657853181936
Sushi,movie_chan,-8.729192745073773
Sushi,movie_memoirs,-8.218367121307782
Sushi,movie_geisha,-8.036045564513827
Sushi,movie_masterchef,-9.134657853181936
Sushi,movie_comes,-9.134657853181936
Sushi,movie_such,-9.134657853181936
Sushi,movie_as,-9.134657853181936
Sushi,movie_last,-8.218367121307782
Sushi,movie_suzume,-9.134657853181936
Sushi,movie_detective,-9.134657853181936
Sushi,movie_conan,-9.134657853181936
Sushi,movie_6,-7.881894884686568
Sushi,movie_snowpiercer,-9.134657853181936
Sushi,movie_yakuza,-9.134657853181936
Sushi,movie_wizards,-9.827805033741882
Sushi,movie_waverly,-9.827805033741882
Sushi,movie_across,-9.827805033741882
Sushi,movie_saving,-9.827805033741882
Sushi,movie_private,-9.827805033741882
Sushi,movie_ryan,-9.827805033741882
Sushi,movie_2002,-9.827805033741882
Sushi,movie_starring,-9.827805033741882
Sushi,movie_tobey,-9.827805033741882
Sushi,movie_maguire,-9.827805033741882
Sushi,movie_mr,-9.827805033741882
Sushi,movie_deeds,-9.827805033741882
Sushi,movie_bbc,-9.827805033741882
Sushi,movie_channel,-9.827805033741882
Sushi,movie_documentaries,-9.134657853181936
Sushi,movie_murder,-9.827805033741882
Sushi,movie_mystery,-9.827805033741882
Sushi,movie_super,-9.827805033741882
Sushi,movie_bros,-9.827805033741882
Sushi,movie_ritual,-9.827805033741882
Sushi,movie_breakaway,-9.827805033741882
Sushi,movie_homealone,-9.827805033741882
Sushi,movie_uncle,-9.827805033741882
Sushi,movie_grandpa,-9.827805033741882
Sushi,movie_that,-9.134657853181936
Sushi,movie_can,-9.827805033741882
Sushi,movie_shrek,-9.827805033741882
Sushi,movie_caribbean,-9.827805033741882
Sushi,movie_named,-9.827805033741882
Sushi,movie_herron,-9.827805033741882
Sushi,movie_grinch,-9.827805033741882
Sushi,movie_mufasa,-9.827805033741882
Sushi,movie_lego,-9.827805033741882
Sushi,movie_bender,-9.827805033741882
Sushi,movie_score,-9.827805033741882
Sushi,movie_italian,-9.827805033741882
Sushi,movie_job,-9.827805033741882
Sushi,movie_tnmt,-9.827805033741882
Sushi,movie_pie,-9.827805033741882
Sushi,movie_friday,-9.827805033741882
Sushi,movie_this,-9.827805033741882
Sushi,movie_gentlemen,-9.827805033741882
Sushi,movie_rattatouie,-9.827805033741882
Sushi,movie_even,-9.827805033741882
Sushi,movie_though,-9.827805033741882
Sushi,movie_there,-9.827805033741882
Sushi,movie_isnt,-9.827805033741882
Sushi,movie_happy,-9.827805033741882
Sushi,movie_gilmore,-9.827805033741882
Sushi,movie_ratatoullie,-9.827805033741882
Sushi,movie_die,-9.827805033741882
Sushi,movie_hard,-9.134657853181936
Sushi,movie_neverending,-9.827805033741882
Sushi,movie_maze,-9.827805033741882
Sushi,movie_diary,-9.827805033741882
Sushi,movie_wimpy,-9.827805033741882
Sushi,movie_rodrick,-9.827805033741882
Sushi,movie_rules,-9.827805033741882
Sushi,movie_anchorman,-9.827805033741882
Sushi,movie_friends,-9.827805033741882
Sushi,movie_terminator,-9.827805033741882
Sushi,movie_about,-9.827805033741882
Sushi,movie_men,-9.827805033741882
Sushi,movie_davinci,-9.827805033741882
Sushi,movie_code,-9.827805033741882
Sushi,movie_stupid,-9.134657853181936
Sushi,movie_hunger,-9.134657853181936
Sushi,movie_games,-9.827805033741882
Sushi,movie_luca,-9.827805033741882
Sushi,movie_wayne,-9.827805033741882
Sushi,movie_spaghetti,-9.827805033741882
Sushi,movie_sci,-9.827805033741882
Sushi,movie_fic,-9.827805033741882
Sushi,movie_type,-9.827805033741882
Sushi,movie_do,-9.827805033741882
Sushi,movie_right,-9.827805033741882
Sushi,movie_thing,-9.827805033741882
Sushi,movie_space,-9.827805033741882
Sushi,movie_jam,-9.827805033741882
Sushi,movie_spongebob,-9.827805033741882
Sushi,movie_2004,-9.827805033741882
Sushi,movie_jon,-9.827805033741882
Sushi,movie_step,-9.827805033741882
Sushi,movie_brothers,-9.827805033741882
Sushi,movie_horror,-9.827805033741882
Sushi,movie_actually,-9.827805033741882
Sushi,movie_anything,-9.827805033741882
Sushi,movie_mib,-9.827805033741882
Sushi,movie_oppenheimer,-8.729192745073773
Sushi,movie_avenegers,-9.827805033741882
Sushi,movie_pursuit,-9.827805033741882
Sushi,movie_happyness,-9.827805033741882
Sushi,movie_probably,-9.827805033741882
Sushi,movie_middle,-9.827805033741882
Sushi,movie_drishyam,-9.827805033741882
Sushi,movie_us,-9.827805033741882
Sushi,movie_east,-9.134657853181936
Sushi,movie_specifically,-9.827805033741882
Sushi,movie_shrek2,-9.827805033741882
Sushi,movie_nosferatu,-9.827805033741882
Sushi,movie_alien,-9.827805033741882
Sushi,movie_age,-9.827805033741882
Sushi,movie_ultron,-9.827805033741882
Sushi,movie_indiana,-9.827805033741882
Sushi,movie_jones,-9.827805033741882
Sushi,movie_angry,-9.827805033741882
Sushi,movie_birds,-9.827805033741882
Sushi,movie_road,-9.827805033741882
Sushi,movie_fallujah,-9.827805033741882
Sushi,movie_kingdom,-9.827805033741882
Sushi,movie_heaven,-9.827805033741882
Sushi,movie_lawrence,-9.827805033741882
Sushi,movie_arabia,-9.827805033741882
Sushi,movie_happiness,-9.827805033741882
Sushi,movie_eastern,-9.827805033741882
Sushi,movie_setting,-9.827805033741882
Sushi,movie_avangers,-9.827805033741882
Sushi,movie_coco,-9.827805033741882
Sushi,movie_11,-9.827805033741882
Sushi,movie_sep,-9.827805033741882
Sushi,movie_13,-9.827805033741882
Sushi,movie_hours,-9.827805033741882
Sushi,movie_orient,-9.827805033741882
Sushi,movie_express,-9.827805033741882
Sushi,movie_three,-9.827805033741882
Sushi,movie_shazam,-9.827805033741882
Sushi,movie_mandoob,-9.827805033741882
Sushi,movie_indian,-9.827805033741882
Sushi,movie_south,-9.827805033741882
Sushi,movie_obesity,-9.827805033741882
Sushi,movie_yeh,-9.827805033741882
Sushi,movie_jawaani,-9.827805033741882
Sushi,movie_hai,-9.827805033741882
Sushi,movie_deewani,-9.827805033741882
Sushi,movie_post,-9.827805033741882
Sushi,movie_credit,-9.827805033741882
Sushi,movie_dabba,-9.827805033741882
Sushi,movie_shawshank,-9.827805033741882
Sushi,movie_redemption,-9.827805033741882
Sushi,movie_mad,-9.827805033741882
Sushi,movie_max,-9.827805033741882
Sushi,movie_taken,-9.827805033741882
Sushi,movie_ferris,-9.827805033741882
Sushi,movie_bueller,-9.827805033741882
Sushi,movie_off,-9.827805033741882
Sushi,movie_dora,-9.827805033741882
Sushi,movie_whale,-9.827805033741882
Sushi,movie_chinese,-9.827805033741882
Sushi,movie_zodiac,-9.827805033741882
Sushi,movie_sonic,-9.827805033741882
Sushi,movie_hedgehog,-9.827805033741882
Sushi,movie_burnt,-9.827805033741882
Sushi,movie_thought,-9.827805033741882
Sushi,movie_many,-9.134657853181936
Sushi,movie_fr,-9.134657853181936
Sushi,movie_menu,-9.134657853181936
Sushi,movie_emoji,-9.134657853181936
Sushi,movie_chapter,-8.441510672621991
Sushi,movie_parabellum,-8.729192745073773
Sushi,movie_pokemon,-8.441510672621991
Sushi,movie_first,-9.134657853181936
Sushi,movie_md,-9.134657853181936
Sushi,movie_who,-8.729192745073773
Sushi,movie_am,-8.729192745073773
Sushi,movie_jackie,-9.134657853181936
Sushi,movie_kodoku,-8.729192745073773
Sushi,movie_gurume,-8.729192745073773
Sushi,movie_g,-9.134657853181936
Sushi,movie_joe,-9.134657853181936
Sushi,movie_penguins,-8.729192745073773
Sushi,movie_shrek3,-9.134657853181936
Sushi,movie_aquaman,-8.729192745073773
Sushi,movie_47,-8.729192745073773
Sushi,movie_ronin,-8.729192745073773
Sushi,movie_2021,-9.134657853181936
Sushi,movie_9,-9.134657853181936
Sushi,movie_wags,-9.134657853181936
Sushi,movie_notting,-9.134657853181936
Sushi,movie_hill,-9.134657853181936
Sushi,movie_made,-9.134657853181936
Sushi,movie_abyss,-9.134657853181936
Sushi,movie_dawn,-9.134657853181936
Sushi,movie_deep,-9.134657853181936
Sushi,movie_meitantei,-9.134657853181936
Sushi,movie_konan,-9.134657853181936
Sushi,movie_shangchi,-9.134657853181936
Sushi,movie_billions,-9.134657853181936
Sushi,movie_tv,-9.134657853181936
Sushi,movie_ip,-9.134657853181936
Sushi,movie_django,-9.134657853181936
Sushi,movie_unchained,-9.134657853181936
Sushi,movie_shang,-8.441510672621991
Sushi,movie_chi,-8.441510672621991
Sushi,movie_ten,-8.729192745073773
Sushi,movie_ii,-9.134657853181936
Sushi,movie_7,-9.134657853181936
Sushi,movie_casablanca,-9.134657853181936
Sushi,movie_rim,-9.134657853181936
Sushi,movie_busan,-9.134657853181936
Sushi,movie_shogun,-9.134657853181936
Sushi,movie_room,-9.134657853181936
Sushi,movie_fallen,-9.134657853181936
Sushi,movie_angels,-9.134657853181936
Sushi,movie_shanghai,-9.134657853181936
Sushi,movie_noon,-9.134657853181936
Sushi,movie_piece,-8.729192745073773
Sushi,movie_turning,-8.441510672621991
Sushi,movie_red,-8.441510672621991
Sushi,movie_blade,-9.134657853181936
Sushi,movie_lucy,-9.134657853181936
Sushi,movie_mulan,-8.441510672621991
Sushi,movie_intern,-9.134657853181936
Sushi,movie_meg,-9.134657853181936
Sushi,movie_2018,-9.134657853181936
Sushi,movie_series,-9.134657853181936
Sushi,movie_ultraman,-9.134657853181936
Sushi,movie_rising,-9.134657853181936
Sushi,movie_pearl,-9.134657853181936
Sushi,movie_harbour,-9.134657853181936
Sushi,movie_2005,-9.134657853181936
Sushi,movie_memory,-9.134657853181936
Sushi,movie_city,-9.134657853181936
Sushi,movie_hunter,-9.134657853181936
Sushi,movie_alita,-9.134657853181936
Sushi,movie_warrior,-9.134657853181936
Sushi,movie_haikyu,-9.134657853181936
Sushi,movie_next,-9.134657853181936
Sushi,movie_door,-9.134657853181936
Sushi,movie_heretic,-9.134657853181936
Sushi,movie_shinchan,-9.134657853181936
Sushi,movie_side,-9.134657853181936
Sushi,movie_chandni,-9.134657853181936
Sushi,movie_chowk,-9.134657853181936
Sushi,movie_china,-9.134657853181936
Sushi,movie_dinner,-9.134657853181936
Sushi,movie_but,-9.134657853181936
Sushi,movie_japan,-9.134657853181936
Sushi,movie_came,-9.134657853181936
Sushi,movie_kiki,-9.134657853181936
Sushi,movie_delivery,-9.134657853181936
Sushi,movie_service,-9.134657853181936
Sushi,movie_romantic,-9.134657853181936
Sushi,movie_gold,-9.134657853181936
