id,movie,Label
716549,Cloudy with a Chance of Meatballs,Pizza
715742,All sort of american young boy movies,Pizza
727333,action movie,Pizza
606874,Mamma Mia,Pizza
505318,Cloudy with a chance of meatballs,Pizza
605771,None,Pizza
606929,dragon,Pizza
609789,Rick and Morty,Pizza
644623,Home Alone,Pizza
626792,Cloudy with a chance of meatballs,Pizza
714863,none,Pizza
602805,The Big Lebowski,Pizza
602526,Spider Man 2,Pizza
497421,Cloudy with a Chance of Meatballs ,Pizza
389328,Goodfellas,Pizza
289931,A Goofy Movie (the disney movie),Pizza
620148,Dead Silence,Pizza
387155,la la land,Pizza
516975,Harry Potter & The Philosopher's Stone,Pizza
630825,Transformer,Pizza
614043,Ninja turtles ,Pizza
521125,High School Musical 3,Pizza
627780,Despicable Me,Pizza
492744,Teenage Mutant Ninja Turtles,Pizza
618747,Toy Story,Pizza
607815,The Godfather,Pizza
601609,Spiderman,Pizza
602657,Pizza,Pizza
616449,Teenage Mutant Ninja Turtles,Pizza
501893,Fast & Furious,Pizza
507448,Teenage Mutant Ninja Turtles,Pizza
606556,The Garfield Movie,Pizza
724326,"""Spider-Man: No Way Home""",Pizza
616945,ratatouille,Pizza
630962,Five Nights At Freddies,Pizza
715814,,Pizza
502799,Back to the future,Pizza
605278,Godfather,Pizza
388888,Mystic Pizza,Pizza
519548,Spider man 2,Pizza
405521,futurama,Pizza
607410,Iron Man I,Pizza
715795,Life of Pi,Pizza
625326,Avengers,Pizza
627220,Despicable Me,Pizza
634964,Spider-man,Pizza
722500,Home Alone,Pizza
602824,Any American movie,Pizza
618355,king kong,Pizza
611097,Home Alone,Pizza
634328,Teenage Mutant Ninja Turtles ,Pizza
607160,cloudy with a chance of meatballs,Pizza
728522,Marvel Movies,Pizza
718570,None,Pizza
714598,The Garfield Movie,Pizza
601950,Garfield,Pizza
612478,Grown ups,Pizza
501416,N/A (I don't watch a lot of movies),Pizza
629710,deadpool,Pizza
502610,Cloudy with a chance of meatball,Pizza
603476,whiplash,Pizza
600957,Home alone,Pizza
713423,Inside Out,Pizza
722431,Teenage Mutant Ninja Turtles.,Pizza
633234,Avengers,Pizza
148179,None,Pizza
715845,Cloudy with a Chance of Meatballs,Pizza
632153,Ratatouille,Pizza
606552,Superbad,Pizza
738409,stranger things,Pizza
612096,Ratatouille,Pizza
743537,Pizza (2012),Pizza
632896,Home Alone,Pizza
605207,Teenage Mutant Ninja Turtles,Pizza
617542,Ninja Turtles,Pizza
719554,None,Pizza
627427,Air Bud,Pizza
411315,Deadpool,Pizza
631507,A quiet place: day one (2024),Pizza
627798,Finding Nemo,Pizza
712093,Avengers Endgame,Pizza
627488,Ratatouille,Pizza
626493,My Cousin Vinny,Pizza
601363,Garfield,Pizza
712898,Garfield,Pizza
603398,"Eat, Pray, Love",Pizza
631012,Ratatouille,Pizza
601848,Ratatouille,Pizza
612131,Home Alone,Pizza
408630,Five Nights at Freddy's,Pizza
632091,No movie,Pizza
601122,Home Alone,Pizza
602871,Spider-Man 2,Pizza
520828,Teenage Mutant Ninja Turtles,Pizza
514199,None,Pizza
389697,Comedy,Pizza
714430,iron man,Pizza
612567,Star Wars,Pizza
744468,Spider-Man,Pizza
502722,Any teenage mutant ninja turtle movie,Pizza
519681,The Dark Knight,Pizza
631125,Home Alone 2: Lost in New York,Pizza
606119,Pulp fiction,Pizza
627252,Ninja Turtles,Pizza
616568,fast and furious,Pizza
603838,Teenage Mutant Ninja Turtles,Pizza
719735,Spiderman 2,Pizza
608062,Spider man  ,Pizza
608704,Home Alone,Pizza
520383,,Pizza
603793,Home Alone,Pizza
603933,"""The Truman Show""",Pizza
605519,I think of home alone. ,Pizza
524803,Breaking Bad,Pizza
629712,Interstellar,Pizza
627505,Rush Hour,Pizza
526131,,Pizza
607065,Scooby Doo,Pizza
500077,Back to the Future 2,Pizza
633350,Ratatouille,Pizza
601945,Princess Diaries (the apology scene),Pizza
629878,WALL-E,Pizza
712766,Home alone,Pizza
603664,Ratatouille,Pizza
840827,Avengers,Pizza
604897,Teenage Mutant Ninja Turtles,Pizza
525422,Spiderman,Pizza
602560,,Pizza
738379,Teenage Mutant Ninja Turtles,Pizza
622023,Ninja Turtles,Pizza
604770,spiderman,Pizza
608318,Ratatouille,Pizza
626757,Spiderman,Pizza
745297,Teenage Mutant Ninja Turtles,Pizza
627599,Deadpool,Pizza
520037,Home Alone,Pizza
632189,Spider man,Pizza
627636,Spy Kids 3D,Pizza
295428,Squid game,Pizza
228777,running man ,Pizza
609278,Ratatouille,Pizza
614089,The Godfather,Pizza
607517,Recep Ivedik 2,Pizza
714607,Venom,Pizza
716650,,Pizza
497695,Moneyball,Pizza
496858,,Pizza
608688,"Inside Out, Teenage Mutant Ninja Turtles",Pizza
604386,Ratatouille,Pizza
628559,Avengers 1,Pizza
715152,,Pizza
604110,Home Alone,Pizza
629010,Coraline,Pizza
605254,None,Pizza
628990,Life if Pi,Pizza
625295,Home Alone,Pizza
603415,Home Alone,Pizza
635533,James Bond 007,Pizza
630389,Sam Raimi's Spider Man,Pizza
714901,Cloudy with a Chance of Meatballs,Pizza
629792,the goofy movie,Pizza
629025,Teenage Mutant Ninja Turtles,Pizza
524441,Teenage Mutant Ninja Turtles,Pizza
389109,Cloudy With a Chance of Meatballs,Pizza
631216,A Quiet Place 2,Pizza
738875,Home alone,Pizza
634669,Carry-On,Pizza
409940,spiderman,Pizza
399605,Teenage Mutant Ninja Turtles,Pizza
721831,Home Alone,Pizza
835223,Set it up,Pizza
712938,Green Book,Pizza
395712,Teenage Mutant Ninja Turtles,Pizza
603388,Garfield,Pizza
617774,Cars,Pizza
289440,Teenage Mutant Ninja Turtles,Pizza
714503,"relaxing, comedy",Pizza
714893,Home Alone 2,Pizza
601094,teenage mutant ninja turtles,Pizza
618150,Home alone,Pizza
607944,Spiderman,Pizza
629844,Ratatouille,Pizza
626482,The Godfather,Pizza
609257,High School Musical ,Pizza
717921,Zootopia,Pizza
181851,None,Pizza
629041,Home Alone,Pizza
604062,"Honestly any movie, pizza is a movie food.",Pizza
716749,no,Pizza
633143,Teenage Mutant Ninja Turtles,Pizza
743828,Mario Movie,Pizza
520861,ratatouille,Pizza
517019,30 minutes or less,Pizza
626779,Home alone,Pizza
611716,Home alone,Pizza
193195,21 Jump Street,Pizza
627530,Free Guy,Pizza
626479,,Pizza
624540,harry poter,Pizza
625315,Home Alone,Pizza
601941,,Pizza
723968,Godfather,Pizza
715806,Soul,Pizza
720045,The Godfather,Pizza
713585,Idk,Pizza
611188,Five Nights at Freddy’s,Pizza
606726,Life is Beautiful,Pizza
629142,,Pizza
634825,Cloudy with a chance of meatballs,Pizza
613409,The wicked,Pizza
633224,Home Alone,Pizza
738850,Five Nights at Freddy's,Pizza
500470,Ratatouille,Pizza
13183,Harold & Kumar Go to White Castle,Pizza
627169,Teenage Mutant Ninja Turtles,Pizza
229041,home alone,Pizza
496344,Spider Man,Pizza
409723,Home alone ,Pizza
630949,Lord of the Rings,Pizza
413014,"Something fun, like Superbad",Pizza
310438,Home Alone,Pizza
627430,Home Alone,Pizza
526510,None,Pizza
390823,The Hangover,Pizza
717116,Breaking Bad (not a movie),Pizza
712143,Little Italy,Pizza
612538,Toy Story,Pizza
627539,The Mario Movie,Pizza
603812,Home Alone,Pizza
740568,Little Italy,Pizza
712702,everything everywhere all at once,Pizza
519638,Barbie,Pizza
627800,hitman,Pizza
406863,Teenage Mutant Ninja Turtles,Pizza
726962,Spiderman,Pizza
628077,Breaking Bad,Pizza
601693,Mystic Pizza,Pizza
517096,Home Alone,Pizza
606821,Back to the Future,Pizza
455047,None,Pizza
625576,Liquorice Pizza,Pizza
716549,The Avengers,Shawarma
715742,,Shawarma
727333,action movie,Shawarma
606874,The Dictator,Shawarma
505318,Superbad,Shawarma
605771,None,Shawarma
606929,dragon,Shawarma
609789,Nothing,Shawarma
644623,avengers,Shawarma
626792,anjaana anjaani,Shawarma
714863,none,Shawarma
602805,The Avengers,Shawarma
602526,Hawkeye,Shawarma
497421,Argo,Shawarma
389328,Transformers,Shawarma
289931,Aladdin,Shawarma
620148,The Invisible Guest,Shawarma
387155,Squid game,Shawarma
516975,The Avengers,Shawarma
630825,Titanic,Shawarma
614043,Avengers 1,Shawarma
521125,The Avengers,Shawarma
627780,1001 Nights,Shawarma
492744,The Avengers,Shawarma
618747,The Avengers,Shawarma
607815,The Avengers,Shawarma
601609,Fast Furious,Shawarma
602657,The Avengers,Shawarma
616449,The Avengers,Shawarma
501893,,Shawarma
507448,The Avengers,Shawarma
606556,Dangal,Shawarma
724326,,Shawarma
616945,ratatouille,Shawarma
630962,Spiderman Into The Spiderverse,Shawarma
715814,,Shawarma
502799,Slumdog millionaire ,Shawarma
605278,Cleopatra,Shawarma
388888,The Avengers,Shawarma
519548,The Avengers (2012),Shawarma
405521,None,Shawarma
607410,The Kite Runner,Shawarma
715795,2012,Shawarma
625326,The Boys,Shawarma
627220,Mission Impossible,Shawarma
634964,The Avengers,Shawarma
722500,The Avengers ,Shawarma
602824,Black Hawk Down,Shawarma
618355,dictator,Shawarma
611097,The Avengers,Shawarma
634328,The Avengers,Shawarma
607160,Dangal,Shawarma
728522,Kungfu Panda,Shawarma
718570,None,Shawarma
714598,The Avengers,Shawarma
601950,black hawk down,Shawarma
612478,Avengers,Shawarma
501416,N/A (I don't watch a lot of movies),Shawarma
629710,The Avengers ,Shawarma
502610,Alladin,Shawarma
603476,Cloudy with a Chance of Meatballs,Shawarma
600957,How to lose a guy in 10 days,Shawarma
713423,,Shawarma
722431,The Avengers.,Shawarma
633234,Babylon,Shawarma
148179,None,Shawarma
715845,Dangal,Shawarma
632153,Avengers,Shawarma
606552,Lord of the rings,Shawarma
738409,None,Shawarma
612096,Aladdin,Shawarma
743537,The Avengers (2012),Shawarma
632896,The Avengers,Shawarma
605207,Avengers,Shawarma
617542,None,Shawarma
719554,None,Shawarma
627427,Prince of Egypt,Shawarma
411315,Borat,Shawarma
631507,The Avengers (2012),Shawarma
627798,The Avengers,Shawarma
712093,Harold and Kumar,Shawarma
627488,Gossip Girl,Shawarma
626493,The Avengers,Shawarma
601363,Monty Python,Shawarma
712898,The Avengers,Shawarma
603398,Avengers,Shawarma
631012,Khabi Khushi Khabi Gham,Shawarma
601848,Mission: Impossible – Dead Reckoning Part One,Shawarma
612131,Avengers Endgame,Shawarma
408630,3 Idiots,Shawarma
632091,no movie,Shawarma
601122,The Avengers,Shawarma
602871,The Avengers,Shawarma
520828,The Avengers,Shawarma
514199,None,Shawarma
389697,None,Shawarma
714430,spiderman,Shawarma
612567,Dune,Shawarma
744468,Avengers,Shawarma
502722,Advengers 2012 Movie,Shawarma
519681,Parasite,Shawarma
631125,The Avengers,Shawarma
606119,Borat,Shawarma
627252,None come to mind,Shawarma
616568,i dont know,Shawarma
603838,The Avengers,Shawarma
719735,None,Shawarma
608062,Batman the dark knight ,Shawarma
608704,The Avengers,Shawarma
520383,,Shawarma
603793,the avengers,Shawarma
603933,The Avengers,Shawarma
605519,The mummy,Shawarma
524803,The Dictator,Shawarma
629712,Taxi Driver,Shawarma
627505,The Dictator,Shawarma
526131,,Shawarma
607065,Avengers,Shawarma
500077,none,Shawarma
633350,The Avengers,Shawarma
601945,Deadpool & Wolverine,Shawarma
629878,Not sure,Shawarma
712766,The Avengers,Shawarma
603664,The Avengers,Shawarma
840827,Comedy movie,Shawarma
604897,The Avengers,Shawarma
525422,Avengers,Shawarma
602560,,Shawarma
738379,Avengers,Shawarma
622023,Avengers,Shawarma
604770,avengers,Shawarma
608318,You Don't Mess with the Zohan,Shawarma
626757,Avengers endgame,Shawarma
745297,Borat,Shawarma
627599,Avengers,Shawarma
520037,Avengers,Shawarma
632189,Spider man spider verse,Shawarma
627636,Pulp fiction,Shawarma
295428,squid game,Shawarma
228777,Star Wars,Shawarma
609278,Aladdin,Shawarma
614089,The Avengers ,Shawarma
607517,Avengers,Shawarma
714607,Alladin,Shawarma
716650,,Shawarma
497695,Gladiator,Shawarma
496858,,Shawarma
608688,The Avengers,Shawarma
604386,Avengers,Shawarma
628559,Iron Man,Shawarma
715152,Any bollywood movie,Shawarma
604110,The Avengers,Shawarma
629010,The Avengers,Shawarma
605254,None,Shawarma
628990,None,Shawarma
625295,None in particular,Shawarma
603415,Scott Pilgrim vs. the World,Shawarma
635533,Son of Babylon,Shawarma
630389,Avengers 1,Shawarma
714901,The Avengers,Shawarma
629792,avengers,Shawarma
629025,The Avengers,Shawarma
524441,Avengers,Shawarma
389109,,Shawarma
631216,Avengers,Shawarma
738875,Deadpool & Wolverine,Shawarma
634669,The Avengers,Shawarma
409940,avengers,Shawarma
399605,avengers,Shawarma
721831,Bad Boys,Shawarma
835223,-,Shawarma
712938,3 Idiots,Shawarma
395712,Avengers,Shawarma
603388,The Avengers,Shawarma
617774,The social network,Shawarma
289440,The Avengers  ,Shawarma
714503,documenary,Shawarma
714893,Avengers,Shawarma
601094,The Avengers,Shawarma
618150,None,Shawarma
607944,chef,Shawarma
629844,Minions,Shawarma
626482,The Big Sick,Shawarma
609257,Jurassic Park,Shawarma
717921,Wicked,Shawarma
181851,None,Shawarma
629041,Aladdin,Shawarma
604062,Marvel's Avengers,Shawarma
716749,no,Shawarma
633143,The Avengers 1,Shawarma
743828,Avengers,Shawarma
520861,None,Shawarma
517019,Avengers,Shawarma
626779,i dont know,Shawarma
611716,The Avenger,Shawarma
193195,Avengers,Shawarma
627530,Arcane,Shawarma
626479,,Shawarma
624540,Bahen,Shawarma
625315,The Avengers,Shawarma
601941,,Shawarma
723968,Legend of Shawama,Shawarma
715806,Aladdin,Shawarma
720045,Avengers,Shawarma
713585,Idk,Shawarma
611188,The Mummy,Shawarma
606726,The Kite Runner,Shawarma
629142,I think of the movie The Avengers.,Shawarma
634825,Marvel Avengers,Shawarma
613409,Forest Gump,Shawarma
633224,John Wick,Shawarma
738850,The Avengers,Shawarma
500470,Avengers,Shawarma
13183,Aladdin,Shawarma
627169,Ratatouille,Shawarma
229041,Avengers ,Shawarma
496344,Avengers,Shawarma
409723,The Avengers,Shawarma
630949,Star Wars,Shawarma
413014,,Shawarma
310438,The Avengers ,Shawarma
627430,The avengers,Shawarma
526510,None,Shawarma
390823,Scott Pilgrim,Shawarma
717116,The Avengers,Shawarma
712143,"Shawarma Legend
---------------",Shawarma
612538,Avengers,Shawarma
627539,Rush Hour,Shawarma
603812,Good Will Hunting,Shawarma
740568,Fight Club,Shawarma
712702,Shawarma Bowl,Shawarma
519638,Drive,Shawarma
627800,Avengers ,Shawarma
406863,Lion King,Shawarma
726962,Captain of America,Shawarma
628077,The Avengers,Shawarma
601693,The Avengers,Shawarma
517096,The Avengers,Shawarma
606821,Avengers,Shawarma
455047,None,Shawarma
625576,The Avengers,Shawarma
716549,Spirited Away,Sushi
715742,Japanese movies,Sushi
727333,cartoon movie,Sushi
606874,Johnny English,Sushi
505318,Karate Kid,Sushi
605771,None,Sushi
606929,drange,Sushi
609789,The Truman Show,Sushi
644623,None,Sushi
626792,Kung fu panda,Sushi
714863,none,Sushi
602805,The Wolverine,Sushi
602526,Spirited Away,Sushi
497421,Jiro Dreams of Sushi,Sushi
389328,Kill Bill,Sushi
289931,Finding Nemo,Sushi
620148,Your Name,Sushi
387155,Once Upon a Time... in Hollywood,Sushi
516975,,Sushi
630825,Transformer,Sushi
614043,Cars,Sushi
521125,Shark Tale,Sushi
627780,Bullet Train ,Sushi
492744,Tokyo Story,Sushi
618747,Jiro Dreams of Sushi,Sushi
607815,Your Name,Sushi
601609,Harry Potter,Sushi
602657,Jiro Dreams of Sushi,Sushi
616449,Isle of Dogs,Sushi
501893,"Little Forest, a Japanese film",Sushi
507448,Jiro Dreams of Sushi,Sushi
606556,Doraemon,Sushi
724326,"""Naruto""",Sushi
616945,rush hour,Sushi
630962,Jaws,Sushi
715814,,Sushi
502799,Rush hour,Sushi
605278,The End of Evangelion,Sushi
388888,Midnight Diner,Sushi
519548,Spirited Away,Sushi
405521,anime,Sushi
607410,Crazy Rich Asians ,Sushi
715795,The Perfect Storm,Sushi
625326,Anime,Sushi
627220,The Karate Kid,Sushi
634964,John Wick,Sushi
722500,Jiro Dreams of Sushi,Sushi
602824,The Pacific,Sushi
618355,weathering with you,Sushi
611097,Kill Bill,Sushi
634328,Findig Nemo,Sushi
607160,kill bill,Sushi
728522,Eternal Sunshine of the Spotless Mind,Sushi
718570,None,Sushi
714598,Cars 2,Sushi
601950,Jiro dreams of Sushi,Sushi
612478,My neighbour Totoro,Sushi
501416,N/A (I don't watch a lot of movies),Sushi
629710,Johnny English,Sushi
502610,tokyo drift,Sushi
603476,Oldboy,Sushi
600957,The Proposal,Sushi
713423,Spirited Away,Sushi
722431,Rurouni Kenshin.,Sushi
633234,Oldboy,Sushi
148179,None,Sushi
715845,Spirited Away,Sushi
632153,Nemo,Sushi
606552,Gone Girl,Sushi
738409,My Hero Academia,Sushi
612096,Food Wars!,Sushi
743537,Your Name (2016),Sushi
632896,I think of the movie Your Name.,Sushi
605207,Bullet Train,Sushi
617542,Isle of Dogs,Sushi
719554,"深夜食堂

ナミヤ雑貨店の奇蹟",Sushi
627427,Liz and the Blue Bird,Sushi
411315,spirited away,Sushi
631507,Spirited Away (2001),Sushi
627798,Frozen,Sushi
712093,Seven Samurai,Sushi
627488,Barbie,Sushi
626493,Cars 2,Sushi
601363,The boy and the heron,Sushi
712898,Howl's Moving Castle,Sushi
603398,Suits,Sushi
631012,Kung Fu Panda,Sushi
601848,John Wick 4,Sushi
612131,The Wolverine,Sushi
408630,Finding Nemo,Sushi
632091,no movie,Sushi
601122,The Wolverine,Sushi
602871,Jiro Dreams of Sushi,Sushi
520828,Isle of Dogs,Sushi
514199,None,Sushi
389697,Ghibli movies,Sushi
714430,spiderman,Sushi
612567,Your Name,Sushi
744468,Bladerunner,Sushi
502722,A Silent Voice (2016),Sushi
519681,Everything Everywhere All At Once,Sushi
631125,Monsters Inc.,Sushi
606119,Isle of Dogs,Sushi
627252,Monsters Inc.,Sushi
616568,jiro dreams of sushi,Sushi
603838,Jiro Dreams of Sush,Sushi
719735,Jiro Dreams of Sushi,Sushi
608062,Parasite,Sushi
608704,Finding Nemo,Sushi
520383,,Sushi
603793,doraemon,Sushi
603933,Jiro Dreams of Sushi,Sushi
605519,Finding Nemo,Sushi
524803,Tokyo Story (1953),Sushi
629712,Parasite,Sushi
627505,Inception,Sushi
526131,,Sushi
607065,The Karate Kid,Sushi
500077,none,Sushi
633350,Your Name,Sushi
601945,Wolf of Wall Street,Sushi
629878,Spirited Away (or any Japanese movie in general),Sushi
712766,Wolverine,Sushi
603664,Jiro Dreams of Sushi,Sushi
840827,Romance movie,Sushi
604897,Food wars,Sushi
525422,None,Sushi
602560,Some Japanese movie or some action movie. ,Sushi
738379,Jiro Dreams of Sushi,Sushi
622023,Wolf of Wallstreet,Sushi
604770,Godzilla,Sushi
608318,Johnny English,Sushi
626757,Fast and Furious: Tokyo Drift,Sushi
745297,Karate Kid,Sushi
627599,Scary Movie 4 (2006),Sushi
520037,Finding Nemo,Sushi
632189,Jiro dreams of sushi,Sushi
627636,Monster house,Sushi
295428,the big short,Sushi
228777,kill bill ,Sushi
609278,The Little Mermaid,Sushi
614089,Lost in Translation,Sushi
607517,Recep Ivedik 2,Sushi
714607,Pirates of the Carribeans,Sushi
716650,,Sushi
497695,Crazy Rich Asians,Sushi
496858,,Sushi
608688,,Sushi
604386,Jiro Dreams of Sushi,Sushi
628559,Spirited Away,Sushi
715152,"Any japanese movie, and animes ",Sushi
604110,"Monsters, Inc.",Sushi
629010,Kill Bill,Sushi
605254,cloudy with a chance of meatballs,Sushi
628990,Jiro Dreams of Sushi,Sushi
625295,Spirited away,Sushi
603415,Spirited Away,Sushi
635533,Jiro Dreams of Sushi,Sushi
630389,Jiro Dreams of Sushi,Sushi
714901,Bullet Train,Sushi
629792,monsters inc,Sushi
629025,squid game,Sushi
524441,Finding Nemo,Sushi
389109,Monster Inc,Sushi
631216,na,Sushi
738875,Crazy Rich Asians,Sushi
634669,Jiro Dreams of Sushi,Sushi
409940,spirited away,Sushi
399605,spirit away,Sushi
721831,John Wick,Sushi
835223,-,Sushi
712938,Spirited Away,Sushi
395712,Jiro Dreams of sushi,Sushi
603388,jiro dreams of sushi,Sushi
617774,Gran Turismo,Sushi
289440, Lost in Translation,Sushi
714503,short movie because I eat it fast,Sushi
714893,The breakfast club,Sushi
601094,Spirited Away,Sushi
618150,None,Sushi
607944,Ponyo,Sushi
629844,Samurai Jack,Sushi
626482,Kung Fu Panda,Sushi
609257,Mean Girls,Sushi
717921,Girl's Trip,Sushi
181851,None,Sushi
629041,My Neighbor Totoro,Sushi
604062,Anime I guess,Sushi
716749,no,Sushi
633143,Passengers(2016),Sushi
743828,Finding Nemo,Sushi
520861,Madagascar,Sushi
517019,Spirited Away,Sushi
626779,i dont know,Sushi
611716,Bladerunner,Sushi
193195,Kill Bill,Sushi
627530,Koe No Katachi,Sushi
626479,Isle of Dogs,Sushi
624540,talented,Sushi
625315,The Breakfast Club,Sushi
601941,Crayon Shin-chan the Movie,Sushi
723968,Ratatouille,Sushi
715806,Dreams of Sushi,Sushi
720045,Finding Nemo,Sushi
713585,Idk,Sushi
611188,Spirited Away,Sushi
606726,Crazy Rich Asians,Sushi
629142,,Sushi
634825,Your name,Sushi
613409,Memoirs of A Geisha,Sushi
633224,Kung Fu Panda,Sushi
738850,Masterchef,Sushi
500470,Nothing comes to mind,Sushi
13183,Memoirs of a Geisha,Sushi
627169,The Wolverine,Sushi
229041,kung fu panda,Sushi
496344,Bullet Train,Sushi
409723,The breakfast club,Sushi
630949,The Godfather,Sushi
413014,"A Japanese anime movie, such as Spirited Away",Sushi
310438,John Wick 3,Sushi
627430,Ponyo,Sushi
526510,None,Sushi
390823,Finding Nemo,Sushi
717116,Lost in Translation,Sushi
712143,monster,Sushi
612538,Cars 2,Sushi
627539,The Last Samurai,Sushi
603812,Kill Bill,Sushi
740568,Cars,Sushi
712702,Spirited Away,Sushi
519638,Dune,Sushi
627800,Suzume,Sushi
406863,Kung Fu Panda,Sushi
726962,Detective Conan,Sushi
628077,Big Hero 6,Sushi
601693,Shark Tale,Sushi
517096,Snowpiercer,Sushi
606821,Yakuza,Sushi
455047,None,Sushi
625576,Finding Nemo,Sushi
747734,The Godfather,Pizza
517064,Teenage Mutant Ninja Turtles.,Pizza
387330,Wizards of Waverly Place Movie,Pizza
746750,,Pizza
629285,home alone,Pizza
743488,Spider-Man 2,Pizza
523710,Home Alone,Pizza
635179,Avengers End Game,Pizza
313562,fast and furious ,Pizza
712670,,Pizza
635627,Rush Hour,Pizza
524485,Teenage Mutant Ninja Turtles,Pizza
632320,Teenage Mutant Ninja Turtles,Pizza
633520,Cloudy with a chance of meatballs ,Pizza
606905,ratatouille,Pizza
393424,Spider-Man 2,Pizza
618333,Grown ups,Pizza
628558,,Pizza
613776,Teenage Mutant Ninja Turtles,Pizza
317214,,Pizza
628093,Five Nights at Freddy's.,Pizza
411781,Spider-Man 2,Pizza
525567,Ratatouille,Pizza
634455,The teenage mutant ninja turtles.,Pizza
498848,Eat Pray Love,Pizza
638838,,Pizza
411253,teenage mutant ninja turtles,Pizza
410165,avengers,Pizza
608554,Star Wars,Pizza
602394,Home Alone ,Pizza
743623,Spider-Man: Across the Spider-Verse,Pizza
87783,Home Alone,Pizza
632431,Ratatouille ,Pizza
744091,Teenage Mutant Ninja Turtles,Pizza
519570,Saving private ryan,Pizza
744484,Home Alone,Pizza
508149,Ratatouille,Pizza
524992, the avengers ,Pizza
413570,Spider-Man 2002 starring Tobey Maguire,Pizza
306207,Back to the Future,Pizza
634468,Back to the future,Pizza
522205,Spiderman,Pizza
5978,Mr deeds,Pizza
742611,BBC Food channel's movies and documentaries. ,Pizza
631198,Green Book,Pizza
606150,Little Italy.,Pizza
313577,Spider-man,Pizza
629700,Cloudy with a chance of meatballs,Pizza
630928,Cloudy with a Chance of Meatballs,Pizza
607286,Murder Mystery.,Pizza
607609,Interstellar,Pizza
522890,Home Alone. Or action movies,Pizza
630227,The Super Mario Bros. Movie,Pizza
603607,Mystic Pizza,Pizza
617029,Scott Pilgrim vs. the World,Pizza
617462,Spider-Man 2,Pizza
633001,Ratatouille ,Pizza
634690,home alone 2,Pizza
630198,the ritual,Pizza
520507,None,Pizza
635065,Breakaway,Pizza
613209,Homealone,Pizza
605452,Uncle Grandpa,Pizza
24137,comedy,Pizza
518809,none,Pizza
634646,Harry Potter,Pizza
508156,"eat, pray, love",Pizza
632909,spiderman,Pizza
414734,no movie that I can think,Pizza
630250,ratatouille.,Pizza
411810,Toy Story,Pizza
214145,shrek,Pizza
628986,Captain America,Pizza
211158,Home Alone,Pizza
507382,Spiderman 2,Pizza
522877,Pirates of the Caribbean ,Pizza
635024,"Monsters, Inc.",Pizza
602845,"I think of the movie named ""Chef"".",Pizza
519822,The Boy and the Herron,Pizza
600849,Superbad,Pizza
605148,Home Alone,Pizza
631600,,Pizza
716142,Home Alone,Pizza
525853,Spider-Man 2,Pizza
835124,Teenage Mutant Ninja Turtles,Pizza
634764,The Grinch.,Pizza
630117,None,Pizza
631531,back to the future,Pizza
714062,The Hangover,Pizza
629156,Teenage Mutant Ninja Turtles,Pizza
498563,Home Alone,Pizza
625319,Teenage mutant ninja turtles,Pizza
723931,spiderman,Pizza
526497,Set it up,Pizza
630999,None,Pizza
97339,Spiderman 2,Pizza
631909,"Mufasa, The Lion King",Pizza
625349,Dune,Pizza
632299,Cloudy with a chance of meatballs,Pizza
616634,The Lego Movie,Pizza
616836,Ratatouille,Pizza
609116,The Big Lebowski,Pizza
626789,None,Pizza
504599,Fight Club,Pizza
632684,Teenage Mutant Ninja Turtles,Pizza
522967,spiderman,Pizza
632893,Transformers,Pizza
632156,,Pizza
603582,Cloudy with a Chance of Meatballs,Pizza
626754,Home Alone,Pizza
298481,Interstellar,Pizza
631583,Futurama: Bender's Big Score,Pizza
718026,teenage mutant ninja turtles,Pizza
616713,The Italian Job,Pizza
602533,Godfather,Pizza
522345,Teenage Mutant Ninja Turtles,Pizza
629758,Back to the Future Part 2,Pizza
631496,Spiderman,Pizza
491374,Spider Man,Pizza
632051,Home Alone,Pizza
409930,,Pizza
632975,Monster House,Pizza
407221,Spiderman,Pizza
204508,Cloudy with a Chance of Meatballs,Pizza
618700,the godfather,Pizza
627792,Spider-man 2.,Pizza
712054,Harry Potter,Pizza
631881,,Pizza
716188,Italian movie,Pizza
628744,TNMT,Pizza
604132,Ratatouille,Pizza
629807,Ratatouille,Pizza
741428,None,Pizza
633024,,Pizza
631221,Cloudy With a Chance of Meatballs,Pizza
601983,Home Alone,Pizza
603007,Teenage Mutant Ninja Turtles ,Pizza
601217,The Godfather,Pizza
629221,Teenage Mutant Ninja Turtles,Pizza
634705,The Mario Movie,Pizza
630070,Spider-man 2,Pizza
630006,Home Alone,Pizza
629072,Cloudy with a chance of meatballs,Pizza
630044,Cloudy with a chance of meatballs,Pizza
626026,ratatouille.,Pizza
520303,The Godfather,Pizza
630972,Cloudy with a chance of meatballs,Pizza
630948,Teenage Mutant Ninja Turtles,Pizza
626778,Home Alone,Pizza
631181,The Hangover,Pizza
633541,The Dark Knight,Pizza
630098,Teenage Mutant Ninja Turtles,Pizza
629959,Ratatouille ,Pizza
633097,American Pie,Pizza
605290,Mean Girls,Pizza
629869,Friday,Pizza
632868,,Pizza
209691,,Pizza
600915,Toy Story,Pizza
525420,Ninja Turtles,Pizza
414710,Garfield,Pizza
629985,Pirates of the Caribbean ,Pizza
523128,This is the end,Pizza
727410,Karate Kid,Pizza
616457,Goodfellas,Pizza
206487,Ratatouille,Pizza
68949,Teenage Mutant Ninja Turtles,Pizza
419835,Cloudy with a Chance of Meatballs,Pizza
745732,,Pizza
543739,Teenage Mutant Ninja Turtles ,Pizza
410380,Spider Man,Pizza
385307,ninja turtle ,Pizza
634566,The Gentlemen ,Pizza
625818,Teenage mutant ninja turtle,Pizza
631164,"Rattatouie, even though there isnt pizza.",Pizza
603130,The Godfather,Pizza
229211,Pulp Fiction,Pizza
626849,Teenage Mutant Ninja Turtles,Pizza
634650,Spiderman,Pizza
632125,cloudy with a chance of meatballs,Pizza
626812,no movie,Pizza
631109,,Pizza
716766,spiderman,Pizza
494103,Ninja turtles,Pizza
628102,Happy Gilmore,Pizza
634683,Ratatoullie,Pizza
517774,Inception,Pizza
408898,Spiderman 2,Pizza
603189,back in action,Pizza
606857,Teenage Mutant Ninja Turtles,Pizza
523080,masterchef,Pizza
631014,Spiderman 2,Pizza
503957,Home alone,Pizza
524890,Spider-Man 2,Pizza
717411,Italian movie,Pizza
525311,Die Hard,Pizza
630967,The Social Network,Pizza
604969,Neverending Story,Pizza
524480,Maze Runner,Pizza
630121,Home Alone,Pizza
629615,Diary of a Wimpy Kid: Rodrick Rules,Pizza
634977,Spider Man 2,Pizza
630823,Transformer,Pizza
632228,Teenage Mutant Ninja Turtles ,Pizza
504548,Spider-Man 2,Pizza
522477,,Pizza
523461,Spiderman,Pizza
312640,Anchorman,Pizza
854745,Friends,Pizza
711854,Zootopia,Pizza
739254,Home Alone,Pizza
621555,I don't watch movies.,Pizza
602482,,Pizza
630416,,Pizza
505458,None,Pizza
296589,Terminator,Pizza
604826,I think about about the movie Home Alone.,Pizza
387820,Men in Black,Pizza
603612,Teenage Mutant Ninja Turtles,Pizza
712252,Cloudy with a Chance of Meatballs,Pizza
742226,Teenage Mutant Ninja Turtles,Pizza
712771,Green Book,Pizza
746466,The DaVinci Code,Pizza
601737,action movie like mission impossible,Pizza
631902,Spider-man,Pizza
312320,,Pizza
519986,"Crazy, Stupid, Love",Pizza
626771,,Pizza
407257,Teenage Mutant Ninja Turtles,Pizza
626883,The Hunger Games,Pizza
727339,Cloudy with a Chance of Meatballs,Pizza
631448,Ratatouille,Pizza
634885,Luca,Pizza
619932,Any movie set in New York,Pizza
601986,Home Alone,Pizza
631141,Home Alone,Pizza
631069,Home Alone,Pizza
634508,Grown ups,Pizza
206744,Spider-Man 2,Pizza
498213,,Pizza
627496,Home Alone,Pizza
629659,Toy Story,Pizza
630190,,Pizza
401586,Home Alone,Pizza
629263,Teenage mutant ninja turtles,Pizza
631678,Transformers,Pizza
411681,Spiderman (with Tobey Maguire),Pizza
518733,spiderman 2,Pizza
630378,Home Alone 2: Lost in New York,Pizza
631142,Spider-Man,Pizza
519976,,Pizza
604991,Toy Story,Pizza
522483,No movie,Pizza
629723,Wayne's World,Pizza
387522,Teenage Mutant Ninja Turtles,Pizza
613484,Avengers: end game,Pizza
388729,,Pizza
494373,spaghetti with a chance of meatballs,Pizza
630977,No movie,Pizza
621982,man in black,Pizza
605537,Ratatouille,Pizza
607073,sci-fic type,Pizza
624443,Teenage Mutant Ninja Turtles,Pizza
718089,Toy Story ,Pizza
622727,Home Alone,Pizza
609617,Breaking Bad,Pizza
526064,Teenage Mutant Ninja Turtles,Pizza
609179,Teenage mutant ninja turtles,Pizza
627638,Teenage Mutant Ninja Turtles.,Pizza
411117,Do The Right Thing,Pizza
634430,Deadpool,Pizza
631711,Ratatouille,Pizza
606010,,Pizza
631436,,Pizza
633712,Spider-Man 2,Pizza
609556,Ratatouille,Pizza
520090,Space Jam,Pizza
602234,,Pizza
741592,Home Alone,Pizza
628547,Ratatouille,Pizza
501513,Friends,Pizza
630929,spiderman,Pizza
617379,The spongebob movie (2004),Pizza
617310,Italian Jon,Pizza
495424,Ratatouille,Pizza
622787,spiderman 2,Pizza
631716,Spider Man 2,Pizza
741658,Ratatouille,Pizza
620745,Diary of a Wimpy Kid,Pizza
611932,Home Alone,Pizza
635602,,Pizza
619892,Teenage Mutant Ninja Turtles,Pizza
529289,Step Brothers,Pizza
630738,rush hour,Pizza
524766,Idk,Pizza
522148,home alone,Pizza
601547,horror movie,Pizza
631046,The Godfather,Pizza
66222,Garfield,Pizza
603182,Ninja Turtles,Pizza
632117,Ratatouille.,Pizza
630209,SpongeBob,Pizza
413395,Marvel Movies,Pizza
386750,None,Pizza
617178,The Princess Diaries,Pizza
630128,Little Italy,Pizza
628736,,Pizza
747734,Deadpool vs Wolverine,Shawarma
517064,I don't think of any movie.,Shawarma
387330,The Dictator,Shawarma
746750,I actually can not think of anything,Shawarma
629285,MIB,Shawarma
743488,The Avengers,Shawarma
523710,Aladdin,Shawarma
635179,Gladiator,Shawarma
313562,fast and furious ,Shawarma
712670,Aladdin,Shawarma
635627,Avengers,Shawarma
524485,The Avengers,Shawarma
632320,None,Shawarma
633520,Aladdin,Shawarma
606905,borat,Shawarma
393424,Avengers,Shawarma
618333,Oppenheimer,Shawarma
628558,,Shawarma
613776,The Avengers,Shawarma
317214,,Shawarma
628093,Deadpool 2.,Shawarma
411781,The Avengers,Shawarma
525567,The Kite Runner,Shawarma
634455,I dont think of a movie.,Shawarma
498848,Avengers,Shawarma
638838,The Barbie Movie,Shawarma
411253,avengers,Shawarma
410165,avengers,Shawarma
608554,Avengers,Shawarma
602394,Deadpool 2,Shawarma
743623,Ratatouille,Shawarma
87783,The Avengers. ,Shawarma
632431,Avenegers,Shawarma
744091,The Avengers,Shawarma
519570,Breaking bad,Shawarma
744484,The Avengers,Shawarma
508149,The Avengers,Shawarma
524992,The Dictator,Shawarma
413570,Avengers,Shawarma
306207,Pursuit of Happyness,Shawarma
634468,The Avengers,Shawarma
522205,The Avengers ,Shawarma
5978,Nothing,Shawarma
742611,Probably some middle eat movies.,Shawarma
631198,The Avengers,Shawarma
606150,Deadpool & Wolverine.,Shawarma
313577,Avengers,Shawarma
629700,The Dictator,Shawarma
630928,Drishyam,Shawarma
607286,The Avengers,Shawarma
607609,Mission Impossible,Shawarma
522890,The Avengers. Action movies.,Shawarma
630227,Us,Shawarma
603607,The Avengers,Shawarma
617029,Borat,Shawarma
617462,Avengers 1 ,Shawarma
633001,The Avengers,Shawarma
634690,Avengers,Shawarma
630198,avengers,Shawarma
520507,None,Shawarma
635065,Aladdin,Shawarma
613209,The Avengers 2012,Shawarma
605452,The Avengers,Shawarma
24137,middle east movie,Shawarma
518809,none,Shawarma
634646,The Avengers,Shawarma
508156,Avengers,Shawarma
632909,Avengers,Shawarma
414734,no movie,Shawarma
630250,deadpool & wolverine,Shawarma
411810,None specifically,Shawarma
214145,shrek2,Shawarma
628986,Ninja Turtle,Shawarma
211158,None,Shawarma
507382,The Avengers,Shawarma
522877,Shrek,Shawarma
635024,The Avengers,Shawarma
602845,I think of the movie named Avengers.,Shawarma
519822,Nosferatu,Shawarma
600849,The Avengers,Shawarma
605148,The Avengers,Shawarma
631600,,Shawarma
716142,Avengers,Shawarma
525853,Alien,Shawarma
835124,The Avengers,Shawarma
634764,The Avengers,Shawarma
630117,None,Shawarma
631531,Avengers age of ultron,Shawarma
714062,None,Shawarma
629156,The Avengers,Shawarma
498563,Avenger,Shawarma
625319,The Dictator,Shawarma
723931,indiana jones,Shawarma
526497,The Avengers ,Shawarma
630999,None,Shawarma
97339,The Avengers,Shawarma
631909,The Avengers,Shawarma
625349,madagascar,Shawarma
632299,The avengers,Shawarma
616634,The Avengers,Shawarma
616836,Aladdin,Shawarma
609116,The Avengers,Shawarma
626789,None,Shawarma
504599,The Avengers,Shawarma
632684,Avengers,Shawarma
522967,avengers,Shawarma
632893,Angry Birds,Shawarma
632156,,Shawarma
603582,The Road to Fallujah,Shawarma
626754,The Avengers,Shawarma
298481,Kingdom of Heaven,Shawarma
631583,Lawrence of Arabia,Shawarma
718026,the dictator,Shawarma
616713,I don't,Shawarma
602533,The Avengers,Shawarma
522345,Avengers,Shawarma
629758,time of happiness ,Shawarma
631496,The Avengers,Shawarma
491374,None,Shawarma
632051,The Dictator,Shawarma
409930,probably something with a middle eastern setting,Shawarma
632975,Barbie,Shawarma
407221,Avengers,Shawarma
204508,avengers,Shawarma
618700,The Avengers (2012),Shawarma
627792,The Avengers.,Shawarma
712054,Green Book,Shawarma
631881,,Shawarma
716188,Middle Eastern Movies,Shawarma
628744,Avengers,Shawarma
604132,Avangers,Shawarma
629807,Avengers,Shawarma
741428,None,Shawarma
633024,,Shawarma
631221,Hangover,Shawarma
601983,Coco,Shawarma
603007,The Dictator,Shawarma
601217,11-Sep,Shawarma
629221,Borat,Shawarma
634705,13 Hours,Shawarma
630070,Avengers,Shawarma
630006,Deadpool,Shawarma
629072,Aladdin,Shawarma
630044,Ratatouille,Shawarma
626026,ratatouille,Shawarma
520303,Murder on the Orient Express,Shawarma
630972,The Dictator,Shawarma
630948,None,Shawarma
626778,The Avengers,Shawarma
631181,Three idiots,Shawarma
633541,Taxi Driver,Shawarma
630098,The Avengers,Shawarma
629959,Avengers,Shawarma
633097,Kung Fu panda,Shawarma
605290,I can't think of anything,Shawarma
629869,Dune,Shawarma
632868,,Shawarma
209691,,Shawarma
600915,Cars,Shawarma
525420,Borat,Shawarma
414710,Avengers,Shawarma
629985,The Grinch,Shawarma
523128,John Wick,Shawarma
727410,The Avengers,Shawarma
616457,avengers,Shawarma
206487,"*********
Avengers 
*********",Shawarma
68949,The Avengers (2012),Shawarma
419835,Interstellar,Shawarma
745732,Shazam！,Shawarma
543739,The Avengers,Shawarma
410380,Avengers,Shawarma
385307,The Avengers ,Shawarma
634566,The lion King,Shawarma
625818,Avengers,Shawarma
631164,"Aladdin, idk.",Shawarma
603130,Deadpool and Wolverine,Shawarma
229211,The Avengers,Shawarma
626849,The Avengers,Shawarma
634650,Avengers,Shawarma
632125,None,Shawarma
626812,no movie,Shawarma
631109,,Shawarma
716766,Dangal,Shawarma
494103,The avengers,Shawarma
628102,You Don't Mess With The Zohan,Shawarma
634683,None,Shawarma
517774,Interstellar,Shawarma
408898,Avengers,Shawarma
603189,Mandoob,Shawarma
606857,The Dictator,Shawarma
523080,harry potter,Shawarma
631014,The Prince of Egypt,Shawarma
503957,avengers,Shawarma
524890,The Avengers,Shawarma
717411,Indian movie,Shawarma
525311,The Avengers,Shawarma
630967,The Dictator,Shawarma
604969,Avengers,Shawarma
524480,Avengers,Shawarma
630121,Aladdin,Shawarma
629615,Avengers,Shawarma
634977,Avengers,Shawarma
630823,Iron man,Shawarma
632228,The Dictator,Shawarma
504548,The Avengers,Shawarma
522477,The Avengers,Shawarma
523461,Avengers,Shawarma
312640,Avengers,Shawarma
854745,Rush hour,Shawarma
711854,Mission: Impossible,Shawarma
739254,Aladdin,Shawarma
621555,,Shawarma
602482,IDK,Shawarma
630416,,Shawarma
505458,None,Shawarma
296589,South Park: The End of Obesity,Shawarma
604826,,Shawarma
387820,yeh jawaani hai deewani,Shawarma
603612,Avengers,Shawarma
712252,The Avengers,Shawarma
742226,The Avengers (Post-Credit Scene),Shawarma
712771,Dabba,Shawarma
746466,Rush Hour,Shawarma
601737,Lawrence of Arabia,Shawarma
631902,The Avengers (2012),Shawarma
312320,,Shawarma
519986,Avengers,Shawarma
626771,,Shawarma
407257,The Avengers,Shawarma
626883,Star Wars,Shawarma
727339,The Avengers,Shawarma
631448,,Shawarma
634885,Shawshank redemption,Shawarma
619932,None,Shawarma
601986,Mad Max,Shawarma
631141,Avengers,Shawarma
631069,I don't know,Shawarma
634508,Aladdin,Shawarma
206744,The Avengers,Shawarma
498213,,Shawarma
627496,Avengers: Endgame,Shawarma
629659,Endgame,Shawarma
630190,I think of the movie Borat.,Shawarma
401586,Taken 2,Shawarma
629263,The Avengers,Shawarma
631678,Ferris Bueller’s Day Off,Shawarma
411681,The Avengers,Shawarma
518733,the dora movie,Shawarma
630378,The Avengers,Shawarma
631142,The Avengers,Shawarma
519976,,Shawarma
604991,The Avengers,Shawarma
522483,Nothing,Shawarma
629723,The Whale,Shawarma
387522,Avengers,Shawarma
613484,Chinese zodiac,Shawarma
388729,,Shawarma
494373,The avengers,Shawarma
630977,No movie,Shawarma
621982,The Avengers,Shawarma
605537,Ratatouille,Shawarma
607073,sci-fic movies,Shawarma
624443,The Avengers,Shawarma
718089,Dictator ,Shawarma
622727,The Avengers,Shawarma
609617,Avengers,Shawarma
526064,none,Shawarma
609179,Avengers,Shawarma
627638,No movie comes to mind.,Shawarma
411117,The Avengers,Shawarma
634430,The Avengers,Shawarma
631711,Sonic the Hedgehog,Shawarma
606010,,Shawarma
631436,,Shawarma
633712,The Avengers,Shawarma
609556,Aladdin,Shawarma
520090,Avengers,Shawarma
602234,,Shawarma
741592,The Avengers,Shawarma
628547,The Avengers,Shawarma
501513,3 Idiots,Shawarma
630929,none,Shawarma
617379,The Avengers,Shawarma
617310,Avengers ,Shawarma
495424,Spiderman,Shawarma
622787,deadpool 3,Shawarma
631716,21 Jump Street,Shawarma
741658,The Avengers,Shawarma
620745,The Avengers,Shawarma
611932,Not sure,Shawarma
635602,Avengers (2012),Shawarma
619892,Chef,Shawarma
529289,Slumdog Millionaire,Shawarma
630738,none,Shawarma
524766,Avengers,Shawarma
522148,bollywood,Shawarma
601547,middle eastern movie,Shawarma
631046,How to lose a guy in 10 days,Shawarma
66222,Fast and Furious,Shawarma
603182,None,Shawarma
632117,Ratatouille.,Shawarma
630209,The Avengers,Shawarma
413395,Marvel Movies,Shawarma
386750,Burnt,Shawarma
617178,I thought of the anime Food Wars.,Shawarma
630128,The Avengers,Shawarma
628736,,Shawarma
747734,Ponyo,Sushi
517064,Kung Fu Panda,Sushi
387330,Rush Hour 3,Sushi
746750,I don't know that many movies fr,Sushi
629285,scary movie,Sushi
743488,The Menu,Sushi
523710,"Monsters, Inc.",Sushi
635179,John Wick,Sushi
313562,fast and furious ,Sushi
712670,,Sushi
635627,Kung Fu Panda,Sushi
524485,Finding Nemo,Sushi
632320,your name,Sushi
633520,The Emoji Movie ,Sushi
606905,rush hour,Sushi
393424,Rush Hour 2,Sushi
618333,None,Sushi
628558,,Sushi
613776,John Wick: Chapter 3 - Parabellum,Sushi
317214,I don't think of any movie.,Sushi
628093,Cars 2.,Sushi
411781,"Crazy, stupid, love",Sushi
525567,Crazy Rich Asians,Sushi
634455,None,Sushi
498848,Kill Bill,Sushi
638838,Big Hero 6,Sushi
411253,Tokyo Drift,Sushi
410165,ratatouille,Sushi
608554,Breaking Bad,Sushi
602394,Monsters Inc,Sushi
743623,A Silent Voice,Sushi
87783,Kill Bill,Sushi
632431,Pokemon the first movie ,Sushi
744091,The Wolverine,Sushi
519570,House MD,Sushi
744484,Jiro Dreams of Sushi,Sushi
508149,The Fast and the Furious: Tokyo Drift,Sushi
524992,Crazy Rich Asians,Sushi
413570,Shark Tale,Sushi
306207,Who am I? (Jackie Chan),Sushi
634468,Cars 2,Sushi
522205,Cars,Sushi
5978,Jiro Dreams of Sushi,Sushi
742611,"Japanese movies, food documentaries.",Sushi
631198,Your Name,Sushi
606150,"Jiro Dreams of Sushi
--------------------",Sushi
313577,the big short,Sushi
629700,Big Hero 6,Sushi
630928,Kodoku No Gurume,Sushi
607286,Godzilla,Sushi
607609,Bullet Train,Sushi
522890,Anime,Sushi
630227,Your Name,Sushi
603607,Memoirs of a Geisha,Sushi
617029,G.I. Joe,Sushi
617462,OldBoy,Sushi
633001,"Monsters, Inc.",Sushi
634690,Monsters Inc.,Sushi
630198,inception,Sushi
520507,None,Sushi
635065,Penguins of madagascar,Sushi
613209,Jiro Dreams of Sushi,Sushi
605452,Jiro Dreams of Sushi,Sushi
24137,japanese movie,Sushi
518809,none,Sushi
634646,Monsters Inc,Sushi
508156,Crazy rich asians,Sushi
632909,John Wick,Sushi
414734,no movie,Sushi
630250,jiro dreams of sushi,Sushi
411810,Tokyo drift,Sushi
214145,shrek3,Sushi
628986,Aquaman,Sushi
211158,None,Sushi
507382,47 Ronin,Sushi
522877,Barbie (2021),Sushi
635024,Howl's Moving Castle,Sushi
602845,I think of the Spider-Man movie.,Sushi
519822,Madagascar,Sushi
600849,Rush Hour,Sushi
605148,Monsters Inc.,Sushi
631600,,Sushi
716142,Kill Bill,Sushi
525853,Finding Nemo,Sushi
835124,Pokemon,Sushi
634764,9,Sushi
630117,Japanese movie,Sushi
631531,jiro dreams of sushi,Sushi
714062,James Bond,Sushi
629156,Jiro Dreams of Sushi,Sushi
498563,Wags,Sushi
625319,Your Name,Sushi
723931,naruto,Sushi
526497,Notting Hill,Sushi
630999,None,Sushi
97339,The Wolverine,Sushi
631909,Rush Hour 2,Sushi
625349,Made in Abyss: Dawn of the Deep Soul,Sushi
632299,Madagascar,Sushi
616634,The Wolverine,Sushi
616836,Kung Fu Panda,Sushi
609116,Your Name,Sushi
626789,None,Sushi
504599,Meitantei Konan,Sushi
632684,Cars,Sushi
522967,the last samurai,Sushi
632893,ShangChi,Sushi
632156,,Sushi
603582,Godzilla,Sushi
626754,Bullet Train,Sushi
298481,Avengers,Sushi
631583,"**************
Johnny English
**************",Sushi
718026,tokyo drift,Sushi
616713,Billions - TV Show,Sushi
602533,Rush Hour,Sushi
522345,Madagascar 2,Sushi
629758,Weathering with You,Sushi
631496,The Fast and the Furious: Tokyo Drift,Sushi
491374,None,Sushi
632051,Godzilla,Sushi
409930,Nothing,Sushi
632975,No movie,Sushi
407221,"Monsters, Inc.",Sushi
204508,ip man,Sushi
618700,John Wick: Chapter 4,Sushi
627792,Isle of Dogs.,Sushi
712054,Star Wars,Sushi
631881,Jiro Dreams of Sushi,Sushi
716188,Anime,Sushi
628744,finding nemo,Sushi
604132,Anime,Sushi
629807,Rush hour,Sushi
741428,None,Sushi
633024,,Sushi
631221,Your name,Sushi
601983,Django Unchained,Sushi
603007,The samurai,Sushi
601217,Oppenheimer,Sushi
629221,Big Hero 6,Sushi
634705,Shang-Chi and the Legend of the Ten Rings,Sushi
630070,Karate kid II,Sushi
630006,Crazy Rich Asians,Sushi
629072,Rush Hour,Sushi
630044,Midnight Diner,Sushi
626026,7 samurai.,Sushi
520303,Godzilla,Sushi
630972,Finding Nemo,Sushi
630948,Finding Nemo,Sushi
626778,Cars 2,Sushi
631181,Rush hour,Sushi
633541,Casablanca,Sushi
630098,Jiro Dreams of Sushi ,Sushi
629959,Pacific Rim,Sushi
633097,Train to Busan,Sushi
605290,"Love, hard",Sushi
629869,shogun,Sushi
632868,,Sushi
209691,,Sushi
600915,Kung Fu Panda,Sushi
525420,My neighbor Totoro,Sushi
414710,Rush Hour,Sushi
629985,The Room,Sushi
523128,Fallen Angels,Sushi
727410,totoro,Sushi
616457,isle of dogs,Sushi
206487,Japanese movie,Sushi
68949,My Neighbor Totoro,Sushi
419835,Big Hero 6,Sushi
745732,,Sushi
543739,Monsters Inc,Sushi
410380,John Wick,Sushi
385307,John Wick ,Sushi
634566,Shanghai Noon,Sushi
625818,Big Hero 6,Sushi
631164,Spirited away,Sushi
603130,Finding Nemo,Sushi
229211,One Piece,Sushi
626849,Turning Red,Sushi
634650,Madagascar,Sushi
632125,Turning Red,Sushi
626812,no movie,Sushi
631109,,Sushi
716766,Kodoku No Gurume,Sushi
494103,Blade runner,Sushi
628102,Fast & Furious: Tokyo Drift,Sushi
634683,Lucy,Sushi
517774,Spirited Away,Sushi
408898,Cars 2,Sushi
603189,lost in translation,Sushi
606857,47 Ronin,Sushi
523080,home alone,Sushi
631014,The Last Samurai,Sushi
503957,John Wick,Sushi
524890,Home Alone 2,Sushi
717411,Japanese movie,Sushi
525311,Godzilla,Sushi
630967,Hunger,Sushi
604969,Cars 2,Sushi
524480,Spirited Away,Sushi
630121,Mulan,Sushi
629615,The Breakfast Club,Sushi
634977,Mulan,Sushi
630823,The Intern,Sushi
632228,Karate Kid,Sushi
504548,The Meg (2018),Sushi
522477,Madagascar,Sushi
523461,Rush Hour 2,Sushi
312640,Rush Hour series ,Sushi
854745,Doraemon,Sushi
711854,Kill Bill,Sushi
739254,Ultraman: Rising,Sushi
621555,None.,Sushi
602482,21 Jump Street,Sushi
630416,,Sushi
505458,Japanese,Sushi
296589,Pearl Harbour,Sushi
604826,,Sushi
387820,Who am I (2005?),Sushi
603612,Finding Nemo,Sushi
712252,Memoirs of a Geisha,Sushi
742226,Howl's Moving Castle,Sushi
712771,Memory of a Geisha,Sushi
746466,Your Name,Sushi
601737,last samurai,Sushi
631902,Shark Tale,Sushi
312320,,Sushi
519986,ratatouille,Sushi
626771,,Sushi
407257,Rush Hour,Sushi
626883,Howl's Moving Castle,Sushi
727339,City Hunter,Sushi
631448,Mulan,Sushi
634885,Spirited Away,Sushi
619932,Some Ghibli movie,Sushi
601986,Alita:the warrior,Sushi
631141,Monsters Inc.,Sushi
631069,monsters Inc,Sushi
634508,The karate kid,Sushi
206744,John Wick: Chapter 3 - Parabellum,Sushi
498213,,Sushi
627496,Haikyu,Sushi
629659,Oppenheimer ,Sushi
630190,,Sushi
401586,The Spy Next Door,Sushi
629263,Rush hour,Sushi
631678,Into the Spiderverse,Sushi
411681,Godzilla,Sushi
518733,shang chi,Sushi
630378,Rush Hour,Sushi
631142,Your Name,Sushi
519976,,Sushi
604991,Monsters Inc.,Sushi
522483,Nothing,Sushi
629723,Heretic,Sushi
387522,Crayon Shinchan,Sushi
613484,Aquaman,Sushi
388729,,Sushi
494373,Bullet train,Sushi
630977,No movie,Sushi
621982,Lost in Translation,Sushi
605537,Ratatouille,Sushi
607073,anime movie,Sushi
624443,Kill Bill,Sushi
718089,Cars 3,Sushi
622727,East Side Sushi,Sushi
609617,Shang Chi: The legend of ten rings,Sushi
526064,Spirited Away,Sushi
609179,Tokyo Drift,Sushi
627638,No movies come to mind.,Sushi
411117,Monsters Inc.,Sushi
634430,Tokyo Drift,Sushi
631711,Turning Red,Sushi
606010,chandni chowk to china,Sushi
631436,,Sushi
633712,Isle of Dogs,Sushi
609556,Fast and Furious Tokyo Drift,Sushi
520090,Spirited Away,Sushi
602234,,Sushi
741592,Your Name,Sushi
628547,Monsters Inc,Sushi
501513,Midnight dinner,Sushi
630929,spirited away,Sushi
617379,Kung fu panda,Sushi
617310,Karate Kid,Sushi
495424,Kill Bill,Sushi
622787,madagascar,Sushi
631716,Penguins of Madagascar,Sushi
741658,"No, But I think Japan.",Sushi
620745,Monsters Inc.,Sushi
611932,John Wick 3,Sushi
635602,Monsters Inc.,Sushi
619892,"Monsters, Inc.",Sushi
529289,Kill Bill,Sushi
630738,none,Sushi
524766,Idk,Sushi
522148,pokemon,Sushi
601547,no movie came up to my mind,Sushi
631046,Tokyo Drift,Sushi
66222,Tokyo drift,Sushi
603182,Jiro Dreams of Sushi,Sushi
632117,Ratatouille.,Sushi
630209,Kiki’s Delivery Service,Sushi
413395,Romantic Movies,Sushi
386750,One Piece Film Gold,Sushi
617178,I think of the anime Food Wars,Sushi
630128,John Wick 3,Sushi
628736,,Sushi
